"Date","Close","Volume"
"04.01.2010",523.96,137055000
"05.01.2010",523.64,168916800
"06.01.2010",524.33,145659600
"07.01.2010",523.83,182195400
"08.01.2010",525.55,214804700
"11.01.2010",525.93,189962700
"12.01.2010",517.59,191580300
"13.01.2010",519.71,185076700
"14.01.2010",522.48,167065200
"15.01.2010",513.14,208268000
"18.01.2010",516.37,112098400
"19.01.2010",520.56,159323200
"20.01.2010",510.21,167641400
"21.01.2010",501.77,190062800
"22.01.2010",496.67,240544400
"25.01.2010",491.91,199198900
"26.01.2010",494.76,188213100
"27.01.2010",492.25,193048200
"28.01.2010",484.26,229885500
"29.01.2010",489.82,252945300
"01.02.2010",493.88,164677600
"02.02.2010",499.07,181769500
"03.02.2010",496.01,174807200
"04.02.2010",483.77,219416300
"05.02.2010",474.46,305380900
"08.02.2010",478.12,193882800
"09.02.2010",479.77,178758000
"10.02.2010",483.03,179519700
"11.02.2010",480.58,165451400
"12.02.2010",479.9,159833600
"15.02.2010",480.92,90418020
"16.02.2010",487.59,139752400
"17.02.2010",492.85,160384200
"18.02.2010",495.66,172992200
"19.02.2010",498.74,160268200
"22.02.2010",496.21,131088300
"23.02.2010",489.06,183579200
"24.02.2010",489.42,172296300
"25.02.2010",481.9,196963900
"26.02.2010",487.81,150896400
"01.03.2010",497.52,140502700
"02.03.2010",503.01,163756900
"03.03.2010",506.8,153092300
"04.03.2010",505.31,142738800
"05.03.2010",512.32,150425100
"08.03.2010",512.28,130221600
"09.03.2010",512.93,134557800
"10.03.2010",517.71,164526700
"11.03.2010",517.28,141316300
"12.03.2010",518.58,165575400
"15.03.2010",515.05,123928100
"16.03.2010",520.72,138719100
"17.03.2010",525.17,169100400
"18.03.2010",523.89,149095800
"19.03.2010",521.36,303946700
"22.03.2010",521.73,153088000
"23.03.2010",524.48,143998900
"24.03.2010",526.21,177002500
"25.03.2010",533.95,184269500
"26.03.2010",532.97,150334500
"29.03.2010",535.94,133412600
"30.03.2010",534.42,173735500
"31.03.2010",535.64,158062600
"01.04.2010",543.01,136629200
"06.04.2010",545.14,134898500
"07.04.2010",542.76,125958700
"08.04.2010",538.04,141100400
"09.04.2010",544.95,132010100
"12.04.2010",544.95,155989700
"13.04.2010",543.25,138779500
"14.04.2010",547.77,164501900
"15.04.2010",549.08,155585500
"16.04.2010",539.97,239336800
"19.04.2010",537.88,173691500
"20.04.2010",547.21,178911800
"21.04.2010",544.83,203388900
"22.04.2010",539.11,230791500
"23.04.2010",547.31,177150600
"26.04.2010",553.57,157626700
"27.04.2010",538.4,205732000
"28.04.2010",531.25,318720100
"29.04.2010",537.15,241149500
"30.04.2010",536.2,245318300
"03.05.2010",539.22,147993600
"04.05.2010",524.84,282748000
"05.05.2010",519.6,296582000
"06.05.2010",514.84,341845200
"07.05.2010",498.22,403339000
"10.05.2010",525.02,341478500
"11.05.2010",526.3,218348000
"12.05.2010",539.44,254449500
"13.05.2010",544.9,154234200
"14.05.2010",528.06,224559400
"17.05.2010",527.98,186998000
"18.05.2010",535.48,159968900
"19.05.2010",520.77,237156500
"20.05.2010",509.49,258378900
"21.05.2010",506.54,408182200
"24.05.2010",504.87,129439000
"25.05.2010",491.62,264514500
"26.05.2010",500.41,242755600
"27.05.2010",516.27,242009500
"28.05.2010",517.13,172281600
"31.05.2010",519.01,75948170
"01.06.2010",519.88,174624500
"02.06.2010",520.06,143837700
"03.06.2010",526.75,138621900
"04.06.2010",516.75,184159900
"07.06.2010",513.22,176739600
"08.06.2010",509.37,251636100
"09.06.2010",519.74,164793800
"10.06.2010",526.77,184577400
"11.06.2010",526.57,181876600
"14.06.2010",533.54,137778100
"15.06.2010",537.49,167153400
"16.06.2010",538.4,175473000
"17.06.2010",541.25,156145100
"18.06.2010",541.01,321107700
"21.06.2010",547.51,132722400
"22.06.2010",545.19,119593800
"23.06.2010",539.66,127166500
"24.06.2010",531.62,150188200
"25.06.2010",527.78,148302200
"28.06.2010",535.48,115648900
"29.06.2010",517.77,171102000
"30.06.2010",518.87,151238400
"01.07.2010",509.33,176208400
"02.07.2010",507.93,139098000
"05.07.2010",506.63,80771230
"06.07.2010",517.88,144737800
"07.07.2010",521.86,157222600
"08.07.2010",525.56,141109100
"09.07.2010",528.25,109947800
"12.07.2010",529.4,99197100
"13.07.2010",538.97,157865400
"14.07.2010",540.25,129656300
"15.07.2010",535.18,156866100
"16.07.2010",526.23,182394200
"19.07.2010",523.48,107175800
"20.07.2010",519.84,124773500
"21.07.2010",522.74,107049100
"22.07.2010",535.8,131251400
"23.07.2010",538.05,117158300
"26.07.2010",541.16,111093000
"27.07.2010",541.82,175355300
"28.07.2010",539.13,132702200
"29.07.2010",535.01,144644600
"30.07.2010",535.45,149983700
"02.08.2010",547.85,134842100
"03.08.2010",549.08,167412400
"04.08.2010",551.04,139952100
"05.08.2010",551.38,158809500
"06.08.2010",545.29,144701000
"09.08.2010",553.11,101852900
"10.08.2010",547.26,117838100
"11.08.2010",535.49,153979900
"12.08.2010",533.48,155005500
"13.08.2010",531.78,133178000
"16.08.2010",532,100691100
"17.08.2010",540.32,116157200
"18.08.2010",538.91,103195800
"19.08.2010",529.93,136934400
"20.08.2010",523.56,144466300
"23.08.2010",524.13,91474830
"24.08.2010",517.11,130799700
"25.08.2010",513.65,138082900
"26.08.2010",515.44,114533000
"27.08.2010",519.01,145760300
"30.08.2010",516.24,79864020
"31.08.2010",517.45,138631300
"01.09.2010",531.06,164300200
"02.09.2010",531.49,143315800
"03.09.2010",535.66,182976400
"06.09.2010",537.41,95610840
"07.09.2010",534.17,111926000
"08.09.2010",538.03,148580500
"09.09.2010",543.12,135363400
"10.09.2010",542.85,123585700
"13.09.2010",546.68,126013000
"14.09.2010",547.93,149094600
"15.09.2010",546.73,140061800
"16.09.2010",545.76,129815100
"17.09.2010",542.99,293494000
"20.09.2010",549.98,128112300
"21.09.2010",548.72,165874300
"22.09.2010",542.83,169644000
"23.09.2010",540.66,165314400
"24.09.2010",550.24,146939100
"27.09.2010",548.71,117849200
"28.09.2010",548.64,147270700
"29.09.2010",546.53,156843200
"30.09.2010",545.46,180857900
"01.10.2010",544.16,174491100
"04.10.2010",537.68,124186500
"05.10.2010",544.36,145190200
"06.10.2010",549.03,150815300
"07.10.2010",549.52,132317200
"08.10.2010",551.08,163773900
"11.10.2010",553.07,107929300
"12.10.2010",552.82,135659700
"13.10.2010",563.99,198720800
"14.10.2010",565.95,151310500
"15.10.2010",568.96,176412800
"18.10.2010",570.9,122270900
"19.10.2010",568.11,141494900
"20.10.2010",571.14,135665300
"21.10.2010",578.25,149323800
"22.10.2010",578.17,110562900
"25.10.2010",581.48,113050900
"26.10.2010",579.38,132423300
"27.10.2010",575.44,157053500
"28.10.2010",577.68,142290700
"29.10.2010",578.36,136003400
"01.11.2010",578.91,104921400
"02.11.2010",582.8,113026200
"03.11.2010",580.01,125366100
"04.11.2010",589.62,176209800
"05.11.2010",591.08,150543900
"08.11.2010",590.91,134955700
"09.11.2010",594.3,159610800
"10.11.2010",588.48,186210500
"11.11.2010",588.11,178657900
"12.11.2010",589.01,180794100
"15.11.2010",593.94,146464900
"16.11.2010",582.69,178990600
"17.11.2010",585.88,127916100
"18.11.2010",597.38,147664800
"19.11.2010",598.41,150251400
"22.11.2010",596.81,142929100
"23.11.2010",586.63,165551300
"24.11.2010",596.88,166552500
"25.11.2010",602.23,129081800
"26.11.2010",599.72,160809300
"29.11.2010",586.89,193602900
"30.11.2010",586.34,212789400
"01.12.2010",601.82,179497200
"02.12.2010",610.92,193003600
"03.12.2010",610.41,159843600
"06.12.2010",611.9,133954700
"07.12.2010",616.05,169971700
"08.12.2010",613.43,140059700
"09.12.2010",611.78,196014900
"10.12.2010",615.68,141993200
"13.12.2010",618.3,118118500
"14.12.2010",618.05,124461700
"15.12.2010",617.59,144654500
"16.12.2010",618.01,116431800
"17.12.2010",614.49,248731600
"20.12.2010",617.9,136053600
"21.12.2010",623.11,119411700
"22.12.2010",622.82,100688800
"23.12.2010",622.4,78184600
"27.12.2010",615.06,67367090
"28.12.2010",615.38,52720610
"29.12.2010",617.51,61211660
"30.12.2010",611.3,60739720
"03.01.2011",618.56,98270290
"04.01.2011",617.35,130360500
"05.01.2011",613.47,158805800
"06.01.2011",616.55,131961600
"07.01.2011",614.23,131639300
"10.01.2011",606.01,136976600
"11.01.2011",614.44,156088000
"12.01.2011",625.25,197305600
"13.01.2011",625.22,215568900
"14.01.2011",625.2,171800200
"17.01.2011",625.1,114369700
"18.01.2011",630.74,177471500
"19.01.2011",625.22,163920300
"20.01.2011",618.87,210382200
"21.01.2011",622.07,223629700
"24.01.2011",622.06,167758200
"25.01.2011",621.13,172466500
"26.01.2011",628.29,154625600
"27.01.2011",630.68,158476300
"28.01.2011",626.41,141791300
"31.01.2011",623.85,138165300
"01.02.2011",633.12,160597300
"02.02.2011",632.47,158083200
"03.02.2011",633.43,144868100
"04.02.2011",635.52,134183700
"07.02.2011",641.81,149265000
"08.02.2011",645.53,147527700
"09.02.2011",645.27,132900900
"10.02.2011",646.2,150086800
"11.02.2011",648.95,149041900
"14.02.2011",651.54,116014400
"15.02.2011",651.2,144606400
"16.02.2011",652.47,165854800
"17.02.2011",651.39,164055900
"18.02.2011",653.1,171537200
"21.02.2011",643.9,147232900
"22.02.2011",642.99,175722900
"23.02.2011",631.66,168517700
"24.02.2011",625.45,200186100
"25.02.2011",631.56,156150500
"28.02.2011",639.16,148576300
"01.03.2011",635.75,160607300
"02.03.2011",631.59,154835400
"03.03.2011",635.28,134312100
"04.03.2011",631.46,137245700
"07.03.2011",630.49,130012700
"08.03.2011",631.18,184175700
"09.03.2011",628.93,179760500
"10.03.2011",622.27,188190900
"11.03.2011",614.93,192428700
"14.03.2011",605.12,273533700
"15.03.2011",586.83,561280000
"16.03.2011",576.24,383690200
"17.03.2011",588.8,257201600
"18.03.2011",590.35,363845900
"21.03.2011",603.58,289362800
"22.03.2011",600.22,178411500
"23.03.2011",602.05,151709700
"24.03.2011",613.08,152429800
"25.03.2011",614.3,122721000
"28.03.2011",614.51,154405500
"29.03.2011",614.04,153908200
"30.03.2011",624.14,159452600
"31.03.2011",622.97,143993700
"01.04.2011",634.48,149442600
"04.04.2011",634.69,128984800
"05.04.2011",634.61,152651800
"06.04.2011",637.69,195820300
"07.04.2011",633.91,175201300
"08.04.2011",636.91,161103400
"11.04.2011",635.06,149919200
"12.04.2011",626.05,191138700
"13.04.2011",632.23,222549000
"14.04.2011",629.63,169418200
"15.04.2011",632.46,221812800
"18.04.2011",619.18,210631900
"19.04.2011",620.78,165009600
"20.04.2011",638.26,184869600
"21.04.2011",642.23,149096700
"26.04.2011",647.6,114732000
"27.04.2011",652,147395700
"28.04.2011",657.39,177238100
"29.04.2011",660.86,126854800
"02.05.2011",662.27,125644700
"03.05.2011",659.71,183600900
"04.05.2011",648.92,226623400
"05.05.2011",648.85,242391100
"06.05.2011",658.54,222181500
"09.05.2011",652.63,159196900
"10.05.2011",660.17,143083000
"11.05.2011",659.64,161246800
"12.05.2011",655.16,215876700
"13.05.2011",652.5,188978600
"16.05.2011",650.94,194513300
"17.05.2011",640.36,163162700
"18.05.2011",643.78,135693200
"19.05.2011",648.69,164441400
"20.05.2011",641.81,327658300
"23.05.2011",629.13,227150400
"24.05.2011",631.97,226227600
"25.05.2011",633.25,281812100
"26.05.2011",628.93,264600600
"27.05.2011",633.3,225752000
"30.05.2011",633.71,150355700
"31.05.2011",644.78,288269800
"01.06.2011",638.97,279176600
"02.06.2011",627.4,133732800
"03.06.2011",629.92,195083000
"06.06.2011",627.9,148330100
"07.06.2011",629.1,157958600
"08.06.2011",624.74,188095200
"09.06.2011",633.29,185680500
"10.06.2011",625.63,172551200
"13.06.2011",626.65,83301230
"14.06.2011",636.45,151842200
"15.06.2011",629.18,158682100
"16.06.2011",628.07,207037500
"17.06.2011",631.95,433611000
"20.06.2011",630.57,140388600
"21.06.2011",642.17,175137200
"22.06.2011",641.56,156909600
"23.06.2011",630.96,163428700
"24.06.2011",629.19,202417900
"27.06.2011",627.7,184170300
"28.06.2011",632.59,174146400
"29.06.2011",643.79,188593400
"30.06.2011",651.43,157032600
"01.07.2011",655.14,185532900
"04.07.2011",658.1,123937300
"05.07.2011",657.73,133208800
"06.07.2011",656.99,159003400
"07.07.2011",661.2,162223100
"08.07.2011",655.29,178828100
"11.07.2011",639.85,239634600
"12.07.2011",635.22,305426200
"13.07.2011",643.41,192488100
"14.07.2011",638.06,174322600
"15.07.2011",638.34,244549800
"18.07.2011",627.91,213195200
"19.07.2011",635.2,205111100
"20.07.2011",637.83,211151100
"21.07.2011",643.19,288089000
"22.07.2011",646.49,234241700
"25.07.2011",648.21,150771900
"26.07.2011",647.66,186340800
"27.07.2011",639.11,182270600
"28.07.2011",632.66,218384800
"29.07.2011",630.15,183070700
"01.08.2011",613.91,229124200
"02.08.2011",598.66,243766300
"03.08.2011",584.48,340122700
"04.08.2011",563.47,372859800
"05.08.2011",548.97,474966400
"08.08.2011",520.43,398872900
"09.08.2011",522.43,540605200
"10.08.2011",498.86,537265600
"11.08.2011",515.61,441574900
"12.08.2011",533.03,324520900
"15.08.2011",535.87,187484200
"16.08.2011",531.89,213468000
"17.08.2011",527.65,205847300
"18.08.2011",497.55,389093200
"19.08.2011",487.3,416575300
"22.08.2011",486.91,215985400
"23.08.2011",491.7,231420300
"24.08.2011",504.8,208100100
"25.08.2011",497.53,271608300
"26.08.2011",493.63,207642300
"29.08.2011",505.34,123081400
"30.08.2011",504.26,169272800
"31.08.2011",517.06,294049900
"01.09.2011",513.03,228536200
"02.09.2011",496.23,219048800
"05.09.2011",470.75,244336900
"06.09.2011",466.34,282184800
"07.09.2011",484.95,220129300
"08.09.2011",485.62,199458700
"09.09.2011",466.61,267674000
"12.09.2011",455.58,307749100
"13.09.2011",463.28,322191800
"14.09.2011",478.29,273377700
"15.09.2011",491.84,285939700
"16.09.2011",497.83,443287200
"19.09.2011",484.09,196498300
"20.09.2011",496.7,192929700
"21.09.2011",485.22,181519900
"22.09.2011",461.3,254572100
"23.09.2011",463.05,249537200
"26.09.2011",474.38,254005700
"27.09.2011",498.78,290041300
"28.09.2011",494.68,217120500
"29.09.2011",499.65,222575900
"30.09.2011",487.21,219114800
"03.10.2011",476.28,159883800
"04.10.2011",461.34,255190800
"05.10.2011",482.37,218772200
"06.10.2011",497.93,254078400
"07.10.2011",500.97,209139900
"10.10.2011",515.37,185372900
"11.10.2011",516.71,175620100
"12.10.2011",528.15,223482800
"13.10.2011",521.86,221669000
"14.10.2011",527.02,222412800
"17.10.2011",518.11,220849500
"18.10.2011",520.02,187539700
"19.10.2011",522.77,171488000
"20.10.2011",510.3,203029000
"21.10.2011",527.46,209846100
"24.10.2011",535.52,177248800
"25.10.2011",534.12,210472800
"26.10.2011",532,183838400
"27.10.2011",558.39,386625200
"28.10.2011",558.96,247025400
"31.10.2011",541.57,215358300
"01.11.2011",515.78,342697900
"02.11.2011",526.76,217000400
"03.11.2011",541.46,292751100
"04.11.2011",528.86,268494500
"07.11.2011",525.59,230405300
"08.11.2011",528.47,214245600
"09.11.2011",517.34,305514100
"10.11.2011",519.41,248403700
"11.11.2011",535.83,186032800
"14.11.2011",529.52,179674300
"15.11.2011",524.49,181508800
"16.11.2011",522.79,182778200
"17.11.2011",517.02,227678200
"18.11.2011",512.42,190033700
"21.11.2011",495.2,224393200
"22.11.2011",489.43,289312500
"23.11.2011",482.58,279926100
"24.11.2011",481.23,195584000
"25.11.2011",486.12,175334600
"28.11.2011",507.73,208847300
"29.11.2011",512.04,181243300
"30.11.2011",536.67,315847500
"01.12.2011",531.89,194015700
"02.12.2011",535.83,244838900
"05.12.2011",538.23,232446500
"06.12.2011",531.84,187482400
"07.12.2011",528.64,182290500
"08.12.2011",518.16,222832700
"09.12.2011",526.96,222819500
"12.12.2011",510.38,181817900
"13.12.2011",509.83,225002300
"14.12.2011",500.58,245608800
"15.12.2011",505.27,224970800
"16.12.2011",503.08,345722200
"19.12.2011",500.61,130703700
"20.12.2011",515.58,163024100
"21.12.2011",511.27,184312000
"22.12.2011",516.22,115753700
"23.12.2011",518.84,69462960
"27.12.2011",519.67,47419590
"28.12.2011",510.21,93233210
"29.12.2011",516.41,78098620
"30.12.2011",520.73,56630580
"02.01.2012",535.58,109235000
"03.01.2012",543.27,154143700
"04.01.2012",538.71,130886400
"05.01.2012",537.46,173085300
"06.01.2012",535.03,137256400
"09.01.2012",531.59,137774200
"10.01.2012",543.45,210525600
"11.01.2012",543.31,206193000
"12.01.2012",545.87,261406500
"13.01.2012",542.81,257721700
"16.01.2012",549.02,137535800
"17.01.2012",558.63,207531700
"18.01.2012",560.69,222021100
"19.01.2012",566.52,380227600
"20.01.2012",565.22,312940200
"23.01.2012",568.11,312318900
"24.01.2012",565.89,300680600
"25.01.2012",566.54,212525500
"26.01.2012",576.56,243335600
"27.01.2012",574.16,182766800
"30.01.2012",568.04,178947900
"31.01.2012",570.03,201185500
"01.02.2012",583.56,297501700
"02.02.2012",587.11,256483500
"03.02.2012",596.84,261887000
"06.02.2012",596.52,175844600
"07.02.2012",595.04,188447700
"08.02.2012",595.21,279801800
"09.02.2012",598.54,308852800
"10.02.2012",590.58,289824000
"13.02.2012",594.44,180204900
"14.02.2012",593.26,186350000
"15.02.2012",596.11,206758900
"16.02.2012",595.17,205674700
"17.02.2012",603.42,211219300
"20.02.2012",611.98,170917200
"21.02.2012",608.23,181079800
"22.02.2012",603.01,180942700
"23.02.2012",600.25,305919900
"24.02.2012",604.86,193348100
"27.02.2012",603.23,205831200
"28.02.2012",606.61,188920400
"29.02.2012",604.24,237822500
"01.03.2012",610.95,229356400
"02.03.2012",609.54,232299200
"05.03.2012",604.65,203289400
"06.03.2012",584.08,271444900
"07.03.2012",587.76,227788700
"08.03.2012",601.54,247735400
"09.03.2012",605.84,189535600
"12.03.2012",607.52,173011100
"13.03.2012",615.63,190015600
"14.03.2012",622.04,251862600
"15.03.2012",627.35,193738300
"16.03.2012",628.27,428608900
"19.03.2012",627.86,193810900
"20.03.2012",618.99,193808800
"21.03.2012",620.58,174373800
"22.03.2012",613.58,206167800
"23.03.2012",615.43,171062600
"26.03.2012",622.86,155913100
"27.03.2012",622.96,184975700
"28.03.2012",616.1,180381600
"29.03.2012",605.53,210485500
"30.03.2012",612.14,179152600
"02.04.2012",621.48,208270100
"03.04.2012",615.8,193944800
"04.04.2012",598.54,249433100
"05.04.2012",598.48,247508200
"10.04.2012",583.88,223236100
"11.04.2012",589.83,203053500
"12.04.2012",596.65,240198400
"13.04.2012",583.81,225948700
"16.04.2012",587.04,211476700
"17.04.2012",601.43,238753300
"18.04.2012",595.76,186626500
"19.04.2012",590.53,241581100
"20.04.2012",596.76,206408000
"23.04.2012",577.39,245844700
"24.04.2012",583.11,208209600
"25.04.2012",593.48,212654400
"26.04.2012",597.68,228026800
"27.04.2012",603.48,200631700
"30.04.2012",600.43,143922400
"02.05.2012",596.52,195950700
"03.05.2012",595.52,213383900
"04.05.2012",583.59,205962700
"07.05.2012",584.39,171505500
"08.05.2012",573.66,173080600
"09.05.2012",575.72,232890100
"10.05.2012",579.14,227604800
"11.05.2012",584.39,174566400
"14.05.2012",573.43,161499000
"15.05.2012",569.27,230973300
"16.05.2012",567.48,223072400
"17.05.2012",561.03,134711300
"18.05.2012",556.79,231763500
"21.05.2012",562.05,154628000
"22.05.2012",571.8,171666300
"23.05.2012",559.13,200433900
"24.05.2012",561.33,181745400
"25.05.2012",563.16,181509900
"28.05.2012",562.41,104316400
"29.05.2012",569.32,151819600
"30.05.2012",559.18,180988400
"31.05.2012",557.68,188383400
"01.06.2012",539.42,243482400
"04.06.2012",532.3,141963000
"05.06.2012",531.8,142017500
"06.06.2012",543.43,187857300
"07.06.2012",548.64,200871500
"08.06.2012",546.89,150042400
"11.06.2012",547.7,188646600
"12.06.2012",548.59,179671700
"13.06.2012",547.36,162248800
"14.06.2012",545.82,175420100
"15.06.2012",553.26,365843200
"18.06.2012",555,205452400
"19.06.2012",565.24,167541900
"20.06.2012",568.3,161270300
"21.06.2012",564.26,179095300
"22.06.2012",557.09,154212500
"25.06.2012",545.79,162655600
"26.06.2012",545.44,174574700
"27.06.2012",552.71,173707000
"28.06.2012",546.2,271840400
"29.06.2012",568.84,262018800
"02.07.2012",575.76,207151800
"03.07.2012",583.46,174535700
"04.07.2012",582.87,127854800
"05.07.2012",580.47,212993000
"06.07.2012",569.82,178934600
"09.07.2012",567.66,144392800
"10.07.2012",572.67,153740200
"11.07.2012",573.11,137455900
"12.07.2012",569.95,177632100
"13.07.2012",581.95,171802000
"16.07.2012",582.9,127412200
"17.07.2012",583.88,136665400
"18.07.2012",592.54,154715600
"19.07.2012",599.43,183461000
"20.07.2012",588.79,218886600
"23.07.2012",570.24,256980100
"24.07.2012",568.14,157615100
"25.07.2012",569.71,147295500
"26.07.2012",584.2,228224500
"27.07.2012",592.77,180285000
"30.07.2012",599.9,167618800
"31.07.2012",599.13,182739600
"01.08.2012",597.94,104722600
"02.08.2012",585.51,266898400
"03.08.2012",606.93,202590100
"06.08.2012",612.26,148560200
"07.08.2012",616.25,164931400
"08.08.2012",615.26,151155200
"09.08.2012",615.04,218965000
"10.08.2012",613.53,194260400
"13.08.2012",610.31,147055200
"14.08.2012",615.46,131169800
"15.08.2012",613.21,102105000
"16.08.2012",617.52,145567600
"17.08.2012",622.18,197597800
"20.08.2012",620.96,134290000
"21.08.2012",625.68,140903900
"22.08.2012",619.45,147732200
"23.08.2012",613.93,159013400
"24.08.2012",615,129058500
"27.08.2012",621.17,148570600
"28.08.2012",617.53,123977600
"29.08.2012",618.4,123795300
"30.08.2012",608.82,158963100
"31.08.2012",614.82,177683900
"03.09.2012",618.13,121838000
"04.09.2012",611.02,132391000
"05.09.2012",613.34,142957700
"06.09.2012",630.09,229471600
"07.09.2012",634.4,287961600
"10.09.2012",634.29,178859200
"11.09.2012",641.57,196443400
"12.09.2012",644.64,330116400
"13.09.2012",641.83,171344000
"14.09.2012",651.13,256369000
"17.09.2012",649.81,183921400
"18.09.2012",644.96,204204500
"19.09.2012",648.9,181010500
"20.09.2012",649.01,222956400
"21.09.2012",654.46,344432500
"24.09.2012",651.13,173705600
"25.09.2012",652.49,175905100
"26.09.2012",639.58,231307800
"27.09.2012",640.94,188815100
"28.09.2012",635.3,186365600
"01.10.2012",644.54,160173100
"02.10.2012",643.11,170181900
"03.10.2012",644.64,122495200
"04.10.2012",643.96,161441500
"05.10.2012",651.61,152250000
"08.10.2012",642.81,151659700
"09.10.2012",638.22,128114300
"10.10.2012",635.9,113855800
"11.10.2012",642.33,156640000
"12.10.2012",638.43,150451900
"15.10.2012",641,153848400
"16.10.2012",650.71,171794300
"17.10.2012",652.49,166321800
"18.10.2012",655.57,177488700
"19.10.2012",650.66,209466000
"22.10.2012",646.66,128613300
"23.10.2012",633.69,159232000
"24.10.2012",635.65,166815900
"25.10.2012",636.58,144472000
"26.10.2012",639.2,124654800
"29.10.2012",636.97,91381800
"30.10.2012",643.84,108248300
"31.10.2012",642.25,154448900
"01.11.2012",648.72,114305500
"02.11.2012",651.19,168824000
"05.11.2012",647.93,106653300
"06.11.2012",652.18,137272200
"07.11.2012",640.61,208119800
"08.11.2012",637.61,217445300
"09.11.2012",634.22,240404100
"12.11.2012",634.71,145556800
"13.11.2012",634.42,217313900
"14.11.2012",629.02,180703200
"15.11.2012",623.38,168211300
"16.11.2012",615.38,223817200
"19.11.2012",630.19,167091600
"20.11.2012",634.45,136953100
"21.11.2012",635.94,130713100
"22.11.2012",641.44,152994500
"23.11.2012",646.58,128882000
"26.11.2012",645.45,106040400
"27.11.2012",649.23,146195500
"28.11.2012",649.81,125320900
"29.11.2012",655.23,152253600
"30.11.2012",655.92,142787600
"03.12.2012",658.14,127958000
"04.12.2012",657.75,125968800
"05.12.2012",659.45,155155900
"06.12.2012",666.23,171366100
"07.12.2012",664.84,160407100
"10.12.2012",665.72,131440200
"11.12.2012",670.96,147438900
"12.12.2012",672.87,152956200
"13.12.2012",670.07,150114600
"14.12.2012",671.41,122743500
"17.12.2012",671.95,119124800
"18.12.2012",676.06,167429600
"19.12.2012",677.58,165430400
"20.12.2012",677.88,133996700
"21.12.2012",674.68,256147700
"27.12.2012",676.09,87500480
"28.12.2012",673.11,68601140
"02.01.2013",687.36,172503800
"03.01.2013",686.01,119215200
"04.01.2013",687.81,150642600
"07.01.2013",684.19,211609700
"08.01.2013",681.37,238374300
"09.01.2013",684.18,227868600
"10.01.2013",683.37,242017000
"11.01.2013",684.26,229541700
"14.01.2013",685.28,163516000
"15.01.2013",680.77,185364300
"16.01.2013",682.36,157903600
"17.01.2013",686.7,151585000
"18.01.2013",684.48,179830700
"21.01.2013",688.27,116282400
"22.01.2013",684.28,177729400
"23.01.2013",685.83,165402300
"24.01.2013",689.48,164501100
"25.01.2013",698.16,171428000
"28.01.2013",696.47,135408100
"29.01.2013",697.09,152532900
"30.01.2013",693.94,170890300
"31.01.2013",690.49,218297100
"01.02.2013",696.53,169427100
"04.02.2013",680.39,235382700
"05.02.2013",682.72,215418300
"06.02.2013",676.68,192304000
"07.02.2013",677.52,183903700
"08.02.2013",683.35,158506400
"11.02.2013",681.74,133961200
"12.02.2013",684.18,149309000
"13.02.2013",689.68,144422100
"14.02.2013",683.28,160888100
"15.02.2013",680.58,216223000
"18.02.2013",683.18,122345600
"19.02.2013",693.49,179791900
"20.02.2013",691.87,174894300
"21.02.2013",679.78,196028900
"22.02.2013",685.61,180015000
"25.02.2013",694.14,218674500
"26.02.2013",680.03,205784800
"27.02.2013",686.47,149962500
"28.02.2013",692.13,170011300
"01.03.2013",689.26,171309000
"04.03.2013",687.21,118091200
"05.03.2013",701.87,175202100
"06.03.2013",705.68,172362200
"07.03.2013",707.68,135211900
"08.03.2013",710.95,172227300
"11.03.2013",710.62,117249800
"12.03.2013",709.28,215472300
"13.03.2013",709.67,402861200
"14.03.2013",716.55,319817300
"15.03.2013",715.37,368931300
"18.03.2013",713.12,167411900
"19.03.2013",707.67,194851400
"20.03.2013",711.54,161211500
"21.03.2013",705.9,199254900
"22.03.2013",704.27,167563900
"25.03.2013",701.31,198538800
"26.03.2013",702.45,149120600
"27.03.2013",694.53,200954500
"28.03.2013",695.76,172363100
"02.04.2013",708.09,154423000
"03.04.2013",702.54,137904700
"04.04.2013",696.49,185156700
"05.04.2013",682.68,180490400
"08.04.2013",683.77,115116100
"09.04.2013",681.82,151502800
"10.04.2013",696.86,196195100
"11.04.2013",702.64,156769300
"12.04.2013",692.4,148190300
"15.04.2013",688.96,148089200
"16.04.2013",686.17,169834100
"17.04.2013",670.97,200143600
"18.04.2013",668.39,182382900
"19.04.2013",667.89,211118000
"22.04.2013",669.88,184268400
"23.04.2013",685.13,219205100
"24.04.2013",693.08,150939800
"25.04.2013",699.04,127107900
"26.04.2013",697.14,123269600
"29.04.2013",702.19,108026000
"30.04.2013",705.55,162461600
"02.05.2013",709.41,181684400
"03.05.2013",722.47,173671100
"06.05.2013",722.04,92891010
"07.05.2013",727.73,137156200
"08.05.2013",733.38,173662800
"09.05.2013",734.65,80112080
"10.05.2013",736.17,138636100
"13.05.2013",736.05,125330200
"14.05.2013",741.42,152408800
"15.05.2013",743.6,192453200
"16.05.2013",744.17,170394600
"17.05.2013",746.49,200140900
"20.05.2013",752,99882740
"21.05.2013",753.44,154682000
"22.05.2013",758.22,160175300
"23.05.2013",742.7,178055700
"24.05.2013",739.33,165501300
"27.05.2013",745.78,71783860
"28.05.2013",754.57,137404300
"29.05.2013",742.31,141660000
"30.05.2013",747.22,126293000
"31.05.2013",743.16,186696200
"03.06.2013",737.38,133784600
"04.06.2013",738.65,115395400
"05.06.2013",729.9,118436600
"06.06.2013",722,112796100
"07.06.2013",734.29,135595100
"10.06.2013",738.91,103715500
"11.06.2013",731.53,124120700
"12.06.2013",725.71,109652700
"13.06.2013",721.42,139299100
"14.06.2013",724.93,103167800
"17.06.2013",732.13,103876500
"18.06.2013",733.67,104675400
"19.06.2013",731.29,110956100
"20.06.2013",708.58,171030900
"21.06.2013",696.47,306581500
"24.06.2013",686.68,173100700
"25.06.2013",697.37,150866800
"26.06.2013",708.31,166762000
"27.06.2013",713.5,139560500
"28.06.2013",710.59,135535600
"01.07.2013",713.27,129223500
"02.07.2013",707.4,126834500
"03.07.2013",700.24,145726800
"04.07.2013",714.31,148703700
"05.07.2013",699.12,157677500
"08.07.2013",712.67,115337200
"09.07.2013",720.6,128692500
"10.07.2013",721.23,112476700
"11.07.2013",728.87,154564900
"12.07.2013",733.04,131459000
"15.07.2013",734.79,122150200
"16.07.2013",732.04,109681700
"17.07.2013",736.01,107802400
"18.07.2013",743.71,121507000
"19.07.2013",743.12,160874100
"22.07.2013",742.8,115802400
"23.07.2013",741.35,117740600
"24.07.2013",746.84,129300300
"25.07.2013",740.93,141588900
"26.07.2013",736.43,108917300
"29.07.2013",737.93,99266980
"30.07.2013",739.69,177131500
"31.07.2013",740.14,150759600
"01.08.2013",751.74,132933200
"02.08.2013",751.51,101925800
"05.08.2013",751.6,94078460
"06.08.2013",743.89,169566800
"07.08.2013",741,116749500
"08.08.2013",746.16,183577900
"09.08.2013",748.3,125356600
"12.08.2013",750.27,126755000
"13.08.2013",755.09,140929200
"14.08.2013",757.45,128220400
"15.08.2013",751.71,110809000
"16.08.2013",753.05,121612300
"19.08.2013",750.99,89491320
"20.08.2013",745.24,128435900
"21.08.2013",744.03,101965300
"22.08.2013",753.8,124383900
"23.08.2013",755.86,98038080
"26.08.2013",756.98,65344120
"27.08.2013",740.14,143733700
"28.08.2013",732.2,140899500
"29.08.2013",736.11,116163700
"30.08.2013",728.73,119745300
"02.09.2013",741.21,95054810
"03.09.2013",735.81,123366800
"04.09.2013",736.69,130963400
"05.09.2013",740.46,138290700
"06.09.2013",743.06,157358200
"09.09.2013",743.6,103932300
"10.09.2013",758,163609600
"11.09.2013",762.03,139067100
"12.09.2013",761.86,143818900
"13.09.2013",763.36,113685100
"16.09.2013",772.42,120696800
"17.09.2013",770.48,109020900
"18.09.2013",773.83,117551900
"19.09.2013",778.06,162698300
"20.09.2013",776.2,305866000
"23.09.2013",773.15,117810900
"24.09.2013",775.49,108037600
"25.09.2013",775.72,138891200
"26.09.2013",775.78,119934000
"27.09.2013",775.91,102602100
"30.09.2013",770.59,117567900
"01.10.2013",778.41,123527100
"02.10.2013",773.73,125166300
"03.10.2013",771.16,88927690
"04.10.2013",772.98,117558300
"07.10.2013",770.3,124860700
"08.10.2013",767.51,118114600
"09.10.2013",763.74,116968000
"10.10.2013",778.06,140060100
"11.10.2013",781.25,126547000
"14.10.2013",781.25,89390840
"15.10.2013",788.75,131971400
"16.10.2013",791.85,125752700
"17.10.2013",789.62,131620900
"18.10.2013",795.11,205676400
"21.10.2013",796.41,116488600
"22.10.2013",802.76,138833100
"23.10.2013",800.42,119295200
"24.10.2013",805.22,124069800
"25.10.2013",805.53,108613800
"28.10.2013",804.77,93334470
"29.10.2013",808.16,106643900
"30.10.2013",808.26,104893300
"31.10.2013",810.48,116826000
"01.11.2013",808.94,100006600
"04.11.2013",811.76,109695000
"05.11.2013",809.33,154331700
"06.11.2013",812.75,121545100
"07.11.2013",815.01,196272100
"08.11.2013",814.09,128362900
"11.11.2013",817.21,115915400
"12.11.2013",814.01,147363300
"13.11.2013",811.43,143616400
"14.11.2013",819.84,153406800
"15.11.2013",821.78,137151500
"18.11.2013",826.88,149041100
"19.11.2013",824.51,117427600
"20.11.2013",825.16,108262100
"21.11.2013",824.22,115532200
"22.11.2013",826.22,112899700
"25.11.2013",833.01,104774800
"26.11.2013",832.11,172196300
"27.11.2013",836.95,98261060
"28.11.2013",839.77,86044880
"29.11.2013",841.59,103944600
"02.12.2013",841.59,112358100
"03.12.2013",825.73,160389400
"04.12.2013",818.78,135907000
"05.12.2013",813.78,117916200
"06.12.2013",821.14,124073500
"09.12.2013",823.56,110439100
"10.12.2013",817.22,116480200
"11.12.2013",813.99,96958130
"12.12.2013",808.04,114912100
"13.12.2013",806.97,103911600
"16.12.2013",819.85,138371800
"17.12.2013",814.39,106350400
"18.12.2013",822.26,121047600
"19.12.2013",834.93,137162300
"20.12.2013",840.23,222250000
"23.12.2013",847.56,79001730
"24.12.2013",847.56,NA
"27.12.2013",855.98,87141750
"30.12.2013",853.14,86748600
"02.01.2014",841.29,144488900
"03.01.2014",845.2,102981700
"06.01.2014",844.56,84297690
"07.01.2014",850.69,126724300
"08.01.2014",850.26,138021800
"09.01.2014",844.53,149903200
"10.01.2014",849.45,133943600
"13.01.2014",853.31,125062800
"14.01.2014",854.76,145173500
"15.01.2014",870.8,164853500
"16.01.2014",869.96,129109600
"17.01.2014",872.16,180058300
"20.01.2014",869.94,114074700
"21.01.2014",871.2,117996400
"22.01.2014",870.64,124545100
"23.01.2014",863.11,144991900
"24.01.2014",841.9,178001900
"27.01.2014",836.82,160277200
"28.01.2014",843.29,137987500
"29.01.2014",837.15,173141700
"30.01.2014",839.72,140120900
"31.01.2014",834.36,166146900
"03.02.2014",824.14,143911900
"04.02.2014",819.57,161925200
"05.02.2014",819.07,143083600
"06.02.2014",831.75,169445200
"07.02.2014",835.72,126867100
"10.02.2014",835.32,92300430
"11.02.2014",850.7,108528600
"12.02.2014",856.31,126729900
"13.02.2014",860.87,128947800
"14.02.2014",866.57,128444600
"17.02.2014",867.39,79398550
"18.02.2014",867.27,91898900
"19.02.2014",867.33,104801000
"20.02.2014",863.19,126603200
"21.02.2014",866.79,106703000
"24.02.2014",870.6,128636200
"25.02.2014",869.8,136552500
"26.02.2014",866.37,142955400
"27.02.2014",860.52,127699200
"28.02.2014",869.31,127817300
"03.03.2014",840.77,176910600
"04.03.2014",860.78,143612900
"05.03.2014",857.52,111033800
"06.03.2014",858.26,146083100
"07.03.2014",842.41,138329200
"10.03.2014",834.84,118598300
"11.03.2014",837.9,104917000
"12.03.2014",826.95,142353900
"13.03.2014",812.89,145197900
"14.03.2014",814.9,190198200
"17.03.2014",826.91,124160000
"18.03.2014",832.5,149659800
"19.03.2014",835.2,125677300
"20.03.2014",835.49,136655800
"21.03.2014",838.72,273733300
"24.03.2014",825.13,137580500
"25.03.2014",837.64,123484000
"26.03.2014",846.76,122779700
"27.03.2014",846.94,100487600
"28.03.2014",858.09,102440100
"31.03.2014",856.42,103117400
"01.04.2014",861.22,108284400
"02.04.2014",863.09,108169200
"03.04.2014",863.52,104988200
"04.04.2014",869.05,102212000
"07.04.2014",853.09,107857100
"08.04.2014",849.8,130968400
"09.04.2014",852.75,107509600
"10.04.2014",848.42,113402900
"11.04.2014",836.24,136390600
"14.04.2014",836.26,135146600
"15.04.2014",821.92,124858400
"16.04.2014",835.1,111612700
"17.04.2014",843.33,114293800
"22.04.2014",859.89,98808290
"23.04.2014",855.11,85057900
"24.04.2014",855.4,117690200
"25.04.2014",842.79,104021400
"28.04.2014",846.01,89570030
"29.04.2014",857.18,117191500
"30.04.2014",858.51,119263300
"02.05.2014",855.29,119203000
"05.05.2014",852.68,84033110
"06.05.2014",847.91,110144800
"07.05.2014",851.73,125937500
"08.05.2014",860.16,141764700
"09.05.2014",858.54,117667700
"12.05.2014",869.04,123290300
"13.05.2014",872.35,126466700
"14.05.2014",872.1,107682600
"15.05.2014",863.48,168822600
"16.05.2014",860.21,145297100
"19.05.2014",863.26,123824000
"20.05.2014",861.92,97550520
"21.05.2014",866.99,114238700
"22.05.2014",869.62,90010830
"23.05.2014",874.18,91061670
"26.05.2014",885.13,75933740
"27.05.2014",889.43,108196200
"28.05.2014",889.28,105324100
"29.05.2014",889.48,82486740
"30.05.2014",889.9,143259600
"02.06.2014",890.91,93787140
"03.06.2014",887.76,99303850
"04.06.2014",888.22,93461890
"05.06.2014",890.52,156042200
"06.06.2014",894.91,122266000
"09.06.2014",896.92,57003490
"10.06.2014",898.32,92215520
"11.06.2014",891.52,123642400
"12.06.2014",891.38,96015580
"13.06.2014",887.95,107994100
"16.06.2014",885.19,85995680
"17.06.2014",888.67,97293090
"18.06.2014",889.73,99414420
"19.06.2014",895.87,112777100
"20.06.2014",894.73,250762500
"23.06.2014",888.84,91699420
"24.06.2014",889.9,82326240
"25.06.2014",883.2,112456800
"26.06.2014",878.54,122326000
"27.06.2014",879.72,91288520
"30.06.2014",881.17,98065940
"01.07.2014",886.56,83967760
"02.07.2014",887.73,95497560
"03.07.2014",897.56,102861200
"04.07.2014",895.64,70594580
"07.07.2014",886.65,83081150
"08.07.2014",874.67,115706600
"09.07.2014",876.81,98438140
"10.07.2014",864.26,131092000
"11.07.2014",865.12,88225870
"14.07.2014",875.45,79035080
"15.07.2014",869.3,97336820
"16.07.2014",881.05,95211760
"17.07.2014",872.89,99775980
"18.07.2014",869.69,144739000
"21.07.2014",860.46,90360500
"22.07.2014",870.4,88511830
"23.07.2014",872.24,88669480
"24.07.2014",875.79,94915990
"25.07.2014",863.18,114303200
"28.07.2014",858.38,101854600
"29.07.2014",862.85,91935560
"30.07.2014",857.46,110509200
"31.07.2014",840.72,173334500
"01.08.2014",824.44,199378600
"04.08.2014",819.54,119112500
"05.08.2014",822.21,113143300
"06.08.2014",816.43,143378900
"07.08.2014",809.24,136508400
"08.08.2014",806.14,144331100
"11.08.2014",822.11,115628500
"12.08.2014",812.64,104211700
"13.08.2014",822.95,113509000
"14.08.2014",825.76,109930500
"15.08.2014",815.1,148101600
"18.08.2014",827.94,97468190
"19.08.2014",835.9,120717100
"20.08.2014",833.96,116886800
"21.08.2014",841.45,113661000
"22.08.2014",836.73,100528500
"25.08.2014",850.61,75807200
"26.08.2014",856.73,98537760
"27.08.2014",855.67,100349100
"28.08.2014",846.23,101457700
"29.08.2014",846.53,95069060
"01.09.2014",847.18,62893990
"02.09.2014",849.68,84379750
"03.09.2014",859.52,122674600
"04.09.2014",867.45,135129500
"05.09.2014",869.07,107622300
"08.09.2014",869.96,84640360
"09.09.2014",865.86,91008740
"10.09.2014",864.08,97029370
"11.09.2014",863.38,112165500
"12.09.2014",860.65,99176810
"15.09.2014",860.81,92442160
"16.09.2014",857.71,102086600
"17.09.2014",860.63,109034500
"18.09.2014",871.39,129969100
"19.09.2014",871.48,271271600
"22.09.2014",867.47,108153900
"23.09.2014",853.95,121877100
"24.09.2014",858.81,121054200
"25.09.2014",846.93,142291700
"26.09.2014",845.45,123585200
"29.09.2014",840.21,109637400
"30.09.2014",844.57,122259800
"01.10.2014",836.49,121026500
"02.10.2014",820.42,169546300
"06.10.2014",822.16,144715100
"07.10.2014",811.17,149034500
"08.10.2014",802.88,153933200
"09.10.2014",802.89,145675800
"10.10.2014",784.47,228083000
"13.10.2014",785.76,155931400
"14.10.2014",787.43,158003900
"15.10.2014",766.35,201108400
"16.10.2014",767.06,290979600
"17.10.2014",791.28,229076300
"20.10.2014",780.26,138548600
"21.10.2014",795.42,160447600
"22.10.2014",801.23,133541300
"23.10.2014",809.77,142177000
"24.10.2014",804.65,128513200
"27.10.2014",797.14,142707500
"28.10.2014",810.62,108328400
"29.10.2014",812.79,123001300
"30.10.2014",816.23,151732300
"31.10.2014",833.99,158198200
"03.11.2014",828.77,113105800
"04.11.2014",821.49,127279800
"05.11.2014",833.83,117901400
"06.11.2014",838.86,164245900
"07.11.2014",832.25,143268500
"10.11.2014",837.93,115050200
"11.11.2014",839.42,114693300
"12.11.2014",826.42,131816400
"13.11.2014",829.56,116813400
"14.11.2014",830.07,115331900
"17.11.2014",834.84,100509000
"18.11.2014",847.52,106716400
"19.11.2014",849.34,100292800
"20.11.2014",850.67,108093000
"21.11.2014",871.08,203531300
"24.11.2014",876.24,133524800
"25.11.2014",882.11,187361200
"26.11.2014",886.29,119117200
"27.11.2014",891.18,111019300
"28.11.2014",891.6,131223600
"01.12.2014",889.93,129860900
"02.12.2014",887.47,118386800
"03.12.2014",891.59,123152600
"04.12.2014",881.57,154592400
"05.12.2014",900.98,121907600
"08.12.2014",894.94,91511090
"09.12.2014",876.28,143057400
"10.12.2014",876.49,118410600
"11.12.2014",881.55,134355700
"12.12.2014",859.56,124508700
"15.12.2014",837.99,149229300
"16.12.2014",856.44,217962600
"17.12.2014",855.37,147111900
"18.12.2014",878.28,167497000
"19.12.2014",876.79,239584400
"22.12.2014",883.79,90128730
"23.12.2014",888.86,72139420
"29.12.2014",889.1,68675480
"30.12.2014",879.54,51953530
"02.01.2015",876.68,91259780
"05.01.2015",853.07,138926400
"06.01.2015",852.62,138582800
"07.01.2015",856.83,123056200
"08.01.2015",883.69,155514400
"09.01.2015",869.52,141853000
"12.01.2015",880.14,133254800
"13.01.2015",893.44,155176200
"14.01.2015",882.9,159935600
"15.01.2015",901.2,188360000
"16.01.2015",912.13,177072400
"19.01.2015",919.07,112632500
"20.01.2015",920.74,142766300
"21.01.2015",924.25,152014600
"22.01.2015",936.56,195442600
"23.01.2015",955.36,224192700
"26.01.2015",968.24,141969300
"27.01.2015",953.28,151490000
"28.01.2015",960.8,145233300
"29.01.2015",962.48,132080100
"30.01.2015",959.2,150435200
"02.02.2015",969.78,135912900
"03.02.2015",975.76,179069500
"04.02.2015",978.66,140420500
"05.02.2015",979.33,130319800
"06.02.2015",974.13,113134900
"09.02.2015",957.76,144619300
"10.02.2015",966.06,132479200
"11.02.2015",965.64,105986900
"12.02.2015",981.18,149500600
"13.02.2015",984.56,138549600
"16.02.2015",981.22,90927930
"17.02.2015",978.72,110939900
"18.02.2015",985.7,106691300
"19.02.2015",989.98,123203700
"20.02.2015",993.59,168519100
"23.02.2015",1001.43,119363700
"24.02.2015",1006.94,131507000
"25.02.2015",1006.75,117700700
"26.02.2015",1016.89,121612400
"27.02.2015",1022.6,138315600
"02.03.2015",1023.63,117098400
"03.03.2015",1012.07,127490400
"04.03.2015",1020.11,121467200
"05.03.2015",1030.07,124538500
"06.03.2015",1034.23,122407000
"09.03.2015",1036.4,104538900
"10.03.2015",1030.13,132773200
"11.03.2015",1056.24,151584600
"12.03.2015",1056.15,155626700
"13.03.2015",1064.94,138151000
"16.03.2015",1086.76,154112400
"17.03.2015",1070.25,152879500
"18.03.2015",1064.93,157219500
"19.03.2015",1064.68,152257000
"20.03.2015",1076.06,254066800
"23.03.2015",1063.42,123603200
"24.03.2015",1072.88,143838900
"25.03.2015",1061.45,134969600
"26.03.2015",1057.71,172597000
"27.03.2015",1060.38,126941400
"30.03.2015",1078.78,112126300
"31.03.2015",1068.54,133647700
"01.04.2015",1072.27,130372500
"02.04.2015",1070,99347770
"07.04.2015",1083.19,123913000
"08.04.2015",1077.15,108182000
"09.04.2015",1089.23,94258010
"10.04.2015",1107.09,121056700
"13.04.2015",1104.09,96157160
"14.04.2015",1095.22,107923800
"15.04.2015",1095.55,106230900
"16.04.2015",1076.06,141040300
"17.04.2015",1049.53,185802900
"20.04.2015",1066.44,105772100
"21.04.2015",1071.35,116248000
"22.04.2015",1064.46,123536400
"23.04.2015",1052.01,133363600
"24.04.2015",1058.85,117922900
"27.04.2015",1078.76,138427800
"28.04.2015",1059.09,159941200
"29.04.2015",1026.25,177123600
"30.04.2015",1027.34,174056400
"04.05.2015",1041.5,110107600
"05.05.2015",1016.77,161944300
"06.05.2015",1016.76,149803000
"07.05.2015",1021.82,175280400
"08.05.2015",1048.48,154528000
"11.05.2015",1046.37,106771900
"12.05.2015",1029.07,141860400
"13.05.2015",1020.19,146798600
"14.05.2015",1037.85,95002780
"15.05.2015",1029.53,129806900
"18.05.2015",1041.6,109923100
"19.05.2015",1064.6,138403900
"20.05.2015",1063.75,105969400
"21.05.2015",1064.68,107733700
"22.05.2015",1060.5,98688380
"26.05.2015",1044.64,131233300
"27.05.2015",1057.01,132281800
"28.05.2015",1049.11,117917100
"29.05.2015",1027.09,181476800
"01.06.2015",1029.84,106329800
"02.06.2015",1020.74,121447800
"03.06.2015",1027.5,123897600
"04.06.2015",1020.36,138179700
"05.06.2015",1007.38,121418200
"08.06.2015",995.65,127541900
"09.06.2015",990.16,139869000
"10.06.2015",1012.75,146736300
"11.06.2015",1018.99,127888600
"12.06.2015",1006.61,119668800
"15.06.2015",987.57,116688700
"16.06.2015",993.06,128185400
"17.06.2015",986.73,117721800
"18.06.2015",996.29,140963000
"19.06.2015",991.99,274725800
"22.06.2015",1026.87,159890900
"23.06.2015",1035.41,128986600
"24.06.2015",1029.33,127166200
"25.06.2015",1029.73,101426600
"26.06.2015",1031.65,122661800
"29.06.2015",997.11,175962300
"30.06.2015",985.54,173393000
"01.07.2015",1006.06,163542800
"02.07.2015",998.85,107929200
"03.07.2015",995.73,89713140
"06.07.2015",981.94,132428000
"07.07.2015",964.26,145580700
"08.07.2015",968.65,126970200
"09.07.2015",990.36,120892500
"10.07.2015",1017.64,139038600
"13.07.2015",1032.8,130659600
"14.07.2015",1035.06,99276540
"15.07.2015",1037.17,100503600
"16.07.2015",1052.92,124999800
"17.07.2015",1050.38,100927000
"20.07.2015",1056.06,93533040
"21.07.2015",1044.87,108014700
"22.07.2015",1037.84,99718620
"23.07.2015",1037.04,97465730
"24.07.2015",1023.94,99699700
"27.07.2015",997.9,127311300
"28.07.2015",1009.15,110678400
"29.07.2015",1012.98,104650500
"30.07.2015",1015.87,127135400
"31.07.2015",1020.93,120301900
"03.08.2015",1033.85,111713600
"04.08.2015",1035.98,98622390
"05.08.2015",1050.32,108993100
"06.08.2015",1046.31,102638200
"07.08.2015",1036.78,92314920
"10.08.2015",1046.5,88880940
"11.08.2015",1020.3,116754600
"12.08.2015",987.92,159034000
"13.08.2015",998.21,123574300
"14.08.2015",997.13,93791340
"17.08.2015",993.47,95589800
"18.08.2015",991.94,85855380
"19.08.2015",971.72,115054200
"20.08.2015",948.47,150039300
"21.08.2015",921.21,203092700
"24.08.2015",879.76,367735300
"25.08.2015",922.16,264186700
"26.08.2015",911.02,178670900
"27.08.2015",939,145770000
"28.08.2015",937.73,106898900
"31.08.2015",935.45,107241200
"01.09.2015",913.66,148957800
"02.09.2015",917.12,120117900
"03.09.2015",940.64,148633500
"04.09.2015",916.37,165063100
"07.09.2015",922,74073910
"08.09.2015",936.21,123567400
"09.09.2015",940.28,129542300
"10.09.2015",933.11,127942300
"11.09.2015",925.05,106558200
"14.09.2015",924.92,100896400
"15.09.2015",929.78,168576400
"16.09.2015",934.16,154622100
"17.09.2015",934.38,148558100
"18.09.2015",909.48,365230000
"21.09.2015",911,160175600
"22.09.2015",877.39,203757800
"23.09.2015",881.49,155466500
"24.09.2015",865.25,200500200
"25.09.2015",888.13,160004300
"28.09.2015",870.11,139298400
"29.09.2015",866.94,151714500
"30.09.2015",885.74,150809100
"01.10.2015",873.47,148638700
"02.10.2015",877.18,159506700
"05.10.2015",900.6,159000100
"06.10.2015",908.35,134197700
"07.10.2015",913.05,160767500
"08.10.2015",915.69,136845500
"09.10.2015",923.68,144841400
"12.10.2015",924.9,138905500
"13.10.2015",915.32,142191200
"14.10.2015",905.27,134753600
"15.10.2015",917.62,126469700
"16.10.2015",919.83,136195200
"19.10.2015",925.37,97120220
"20.10.2015",923.9,95171160
"21.10.2015",932.51,107108800
"22.10.2015",953.87,148576500
"23.10.2015",979.96,160566800
"26.10.2015",980.79,104924600
"27.10.2015",970.51,115211400
"28.10.2015",983.26,108546400
"29.10.2015",982.44,155987900
"30.10.2015",985.88,121751700
"02.11.2015",994.58,128396700
"03.11.2015",993.82,115899500
"04.11.2015",984.42,137466000
"05.11.2015",987.45,133969500
"06.11.2015",995.81,127162600
"09.11.2015",980.76,110739000
"10.11.2015",981.88,124239200
"11.11.2015",987.4,127013600
"12.11.2015",976.2,136016000
"13.11.2015",969.57,137063200
"16.11.2015",971.62,99665520
"17.11.2015",993.93,118050900
"18.11.2015",993.13,98507400
"19.11.2015",1003.75,114859000
"20.11.2015",1006.59,108434500
"23.11.2015",1004.23,91335450
"24.11.2015",990.26,120108700
"25.11.2015",1010.37,118520800
"26.11.2015",1023.31,119721000
"27.11.2015",1021.3,90943820
"30.11.2015",1029.47,151270000
"01.12.2015",1019.89,156802900
"02.12.2015",1014.95,118394000
"03.12.2015",982,199393700
"04.12.2015",979.56,145791100
"07.12.2015",992.21,104659900
"08.12.2015",973.15,122152800
"09.12.2015",966.67,120626600
"10.12.2015",966.04,122646600
"11.12.2015",943.32,144202600
"14.12.2015",926.26,131916100
"15.12.2015",953.3,136589100
"16.12.2015",956.22,117193800
"17.12.2015",978.3,152871500
"18.12.2015",967.59,248496400
"21.12.2015",957.5,107456800
"22.12.2015",957.11,85641900
"23.12.2015",977.29,95169900
"28.12.2015",971.05,52993160
"29.12.2015",989.09,75952390
"30.12.2015",979.19,51362740
"04.01.2016",941.38,153234800
"05.01.2016",942.9,115355200
"06.01.2016",933.47,118368600
"07.01.2016",911.95,175000700
"08.01.2016",901.02,134868100
"11.01.2016",898.48,127338300
"12.01.2016",913.42,134771300
"13.01.2016",911.16,128223500
"14.01.2016",895.57,179872500
"15.01.2016",872.58,192431700
"18.01.2016",869,128638000
"19.01.2016",883.26,136859300
"20.01.2016",857.34,179924900
"21.01.2016",873.16,186959000
"22.01.2016",892.49,167633000
"25.01.2016",891.41,122206400
"26.01.2016",898.52,141772600
"27.01.2016",902.99,119422900
"28.01.2016",882.07,150011300
"29.01.2016",897.13,152898800
"01.02.2016",894.23,121962400
"02.02.2016",878.61,141597500
"03.02.2016",865.67,159295300
"04.02.2016",862.47,171352000
"05.02.2016",852.96,169105200
"08.02.2016",822.67,204140300
"09.02.2016",813.77,213570800
"10.02.2016",827.14,182569800
"11.02.2016",803.9,199614100
"12.02.2016",822.15,200296600
"15.02.2016",845.15,162571600
"16.02.2016",838.84,139733200
"17.02.2016",861.11,164401500
"18.02.2016",869.26,159653400
"19.02.2016",862.61,141135200
"22.02.2016",878.77,125473900
"23.02.2016",865.28,120203500
"24.02.2016",842.06,148068300
"25.02.2016",857.12,137919100
"26.02.2016",872,135467400
"29.02.2016",872.56,140125000
"01.03.2016",892.26,136108400
"02.03.2016",896.15,147340100
"03.03.2016",894.17,122168500
"04.03.2016",900.49,129886500
"07.03.2016",896.12,106712900
"08.03.2016",886.86,130975500
"09.03.2016",889.55,130308100
"10.03.2016",870.31,217472800
"11.03.2016",900.15,152890600
"14.03.2016",914.06,121778300
"15.03.2016",908.66,106873700
"16.03.2016",913.68,129180100
"17.03.2016",906.35,151349600
"18.03.2016",911.06,271717200
"21.03.2016",910.9,113142100
"22.03.2016",914.8,116859700
"23.03.2016",918.03,119165400
"24.03.2016",903.34,106275400
"29.03.2016",906.92,96155090
"30.03.2016",921.56,127911000
"31.03.2016",914.72,121663300
"01.04.2016",901.34,135936600
"04.04.2016",903.44,101859800
"05.04.2016",881.55,134728500
"06.04.2016",887.45,122733600
"07.04.2016",879.5,114196300
"08.04.2016",888.39,105762300
"11.04.2016",893.03,104849900
"12.04.2016",899,102723100
"13.04.2016",921.42,144131500
"14.04.2016",926.26,113263000
"15.04.2016",922.05,113013400
"18.04.2016",927.78,96407520
"19.04.2016",946.92,135851100
"20.04.2016",952.57,129213900
"21.04.2016",951.89,143746000
"22.04.2016",946.63,112623100
"25.04.2016",940.64,102097300
"26.04.2016",938.28,110898200
"27.04.2016",942.57,129226300
"28.04.2016",944.16,124338000
"29.04.2016",920.96,149474500
"02.05.2016",928,82955410
"03.05.2016",911.87,162247000
"04.05.2016",903.79,133143600
"05.05.2016",906.2,88115150
"06.05.2016",907.55,115747000
"09.05.2016",916.18,108164700
"10.05.2016",922.6,120404200
"11.05.2016",917.77,131990800
"12.05.2016",908.42,142488500
"13.05.2016",916.21,123882500
"17.05.2016",911.66,129220000
"18.05.2016",916.24,109290100
"19.05.2016",904.29,126092300
"20.05.2016",915.07,110899600
"23.05.2016",909.43,112112200
"24.05.2016",926.73,123012200
"25.05.2016",938.63,133594300
"26.05.2016",944.72,97671300
"27.05.2016",945.96,93409330
"30.05.2016",949.34,56631230
"31.05.2016",944.28,159092400
"01.06.2016",939.33,115872100
"02.06.2016",940.4,93933530
"03.06.2016",931.4,116348400
"06.06.2016",933.19,79240360
"07.06.2016",947.56,107923900
"08.06.2016",941.81,105701000
"09.06.2016",930.87,137922900
"10.06.2016",908.08,142613300
"13.06.2016",891.43,139922900
"14.06.2016",878.84,140309800
"15.06.2016",886.26,128318500
"16.06.2016",879.94,138314200
"17.06.2016",887.86,207548900
"20.06.2016",917.57,125583100
"21.06.2016",921.22,107974500
"22.06.2016",925.62,105777500
"23.06.2016",941.47,141158700
"24.06.2016",883.75,391995300
"27.06.2016",855.1,263181600
"28.06.2016",871.09,176712500
"29.06.2016",886.13,150765000
"30.06.2016",892.55,179812100
"01.07.2016",902.49,135818400
"04.07.2016",895.59,103117500
"05.07.2016",879.38,126475400
"06.07.2016",865.36,169947900
"07.07.2016",870.44,119616900
"08.07.2016",888.92,125328200
"11.07.2016",907.3,108386600
"12.07.2016",917.62,131745700
"13.07.2016",915.2,124593000
"14.07.2016",926.54,130523700
"15.07.2016",926.35,117475100
"18.07.2016",927.14,94284140
"19.07.2016",921.66,100697700
"20.07.2016",935.14,109483500
"21.07.2016",935.62,125719000
"22.07.2016",935.59,89867220
"25.07.2016",940.32,83097740
"26.07.2016",944.8,105555300
"27.07.2016",951.72,118176100
"28.07.2016",947.25,129627300
"29.07.2016",952.59,124956600
"01.08.2016",952.11,112096900
"02.08.2016",935.79,154805900
"03.08.2016",937,114955900
"04.08.2016",942.27,106414800
"05.08.2016",954.66,110489400
"08.08.2016",959.81,90675670
"09.08.2016",981.6,110814200
"10.08.2016",979.01,138379600
"11.08.2016",987.58,113515500
"12.08.2016",984.83,93474180
"15.08.2016",986.83,70232020
"16.08.2016",980.28,94421090
"17.08.2016",968.04,97729480
"18.08.2016",974.83,81027750
"19.08.2016",969.69,99577930
"22.08.2016",965.73,85858340
"23.08.2016",974.36,80692760
"24.08.2016",976.51,85985140
"25.08.2016",968.53,77889180
"26.08.2016",973.51,71035480
"29.08.2016",970.24,51668550
"30.08.2016",979.35,90508650
"31.08.2016",973.72,121826200
"01.09.2016",969.95,135494400
"02.09.2016",982.88,112229600
"05.09.2016",982.29,83343690
"06.09.2016",983.44,96790960
"07.09.2016",989.13,106331800
"08.09.2016",981.95,122711300
"09.09.2016",971.71,130143900
"12.09.2016",960.42,207202000
"13.09.2016",956.88,124167600
"14.09.2016",956.62,128275300
"15.09.2016",961.13,114734600
"16.09.2016",949.33,263811400
"19.09.2016",957.9,98013990
"20.09.2016",959.62,98138600
"21.09.2016",963.1,108490800
"22.09.2016",983.65,131847400
"23.09.2016",979.17,95890980
"26.09.2016",960.58,138173500
"27.09.2016",957.48,143529100
"28.09.2016",964.93,117469200
"29.09.2016",962.17,133202300
"30.09.2016",970.75,225961500
"04.10.2016",980.25,171299900
"05.10.2016",976.66,127473900
"06.10.2016",975.3,138812100
"07.10.2016",967.16,158899000
"10.10.2016",978.54,128946000
"11.10.2016",974.67,128038000
"12.10.2016",970.17,122349100
"13.10.2016",961.1,138954200
"14.10.2016",975.04,134122000
"17.10.2016",968.41,90834370
"18.10.2016",979.5,120444000
"19.10.2016",981.03,104759500
"20.10.2016",984.2,152198100
"21.10.2016",984.63,116849200
"24.10.2016",988.38,110942100
"25.10.2016",987.19,121569600
"26.10.2016",982.79,111031800
"27.10.2016",983.14,119602400
"28.10.2016",981.23,106946100
"31.10.2016",978.89,104382200
"01.11.2016",966.56,107503400
"02.11.2016",953.06,130400300
"03.11.2016",949.29,119482400
"04.11.2016",942.9,123568000
"07.11.2016",959.18,115259300
"08.11.2016",960.65,111658300
"09.11.2016",972.42,229647900
"10.11.2016",968.38,250873100
"11.11.2016",970.72,180548100
"14.11.2016",971.89,176062800
"15.11.2016",976.86,144672800
"16.11.2016",971.64,135432500
"17.11.2016",973.67,131115600
"18.11.2016",971.9,138826800
"21.11.2016",973.43,103667700
"22.11.2016",976.25,117758100
"23.11.2016",971.75,127779600
"24.11.2016",974.68,79024790
"25.11.2016",976.32,87207620
"28.11.2016",966.63,102971200
"29.11.2016",969.58,110249500
"30.11.2016",971.21,156928500
"01.12.2016",961.36,130056400
"02.12.2016",958.99,121992300
"05.12.2016",972.78,139657400
"06.12.2016",980.88,176625300
"07.12.2016",998.65,192831000
"08.12.2016",1014.41,228511800
"09.12.2016",1017.83,149566900
"12.12.2016",1016.2,129239400
"13.12.2016",1023.66,138740700
"14.12.2016",1020.49,133518600
"15.12.2016",1029.63,187899200
"16.12.2016",1033.33,240235100
"19.12.2016",1036.17,113738000
"20.12.2016",1039.39,111271400
"21.12.2016",1041.01,93376030
"22.12.2016",1039.92,76655980
"23.12.2016",1039.76,73732230
"27.12.2016",1042.26,44751880
"28.12.2016",1042.65,68811540
"29.12.2016",1040.59,63968990
"30.12.2016",1042.86,59844070
"02.01.2017",1054.03,70287070
"03.01.2017",1053.05,125952200
"04.01.2017",1051.72,116053500
"05.01.2017",1052.42,107055400
"06.01.2017",1053.1,95475460
"09.01.2017",1050.65,112210500
"10.01.2017",1052.09,124704100
"11.01.2017",1058.26,137128400
"12.01.2017",1048.04,136083100
"13.01.2017",1057.24,111498300
"16.01.2017",1052.09,90158710
"17.01.2017",1050.39,120335500
"18.01.2017",1055.93,114946800
"19.01.2017",1055.66,133837400
"20.01.2017",1058.57,151810300
"23.01.2017",1052.26,113034500
"24.01.2017",1057.15,115265400
"25.01.2017",1074.21,163636200
"26.01.2017",1077.67,130850800
"27.01.2017",1075.4,106235200
"30.01.2017",1063.7,113417300
"31.01.2017",1051.73,141646500
"01.02.2017",1061.59,133197600
"02.02.2017",1060.02,132599800
"03.02.2017",1061.52,114194300
"06.02.2017",1048.32,130928700
"07.02.2017",1052.53,109879600
"08.02.2017",1053.47,133668700
"09.02.2017",1061.43,154424700
"10.02.2017",1064.51,117494800
"13.02.2017",1074.23,117829800
"14.02.2017",1074.8,107985900
"15.02.2017",1076.8,126501900
"16.02.2017",1074.36,108706600
"17.02.2017",1074.6,125931300
"20.02.2017",1080.13,80820290
"21.02.2017",1091.85,114006200
"22.02.2017",1093.87,137293600
"23.02.2017",1088.6,118012200
"24.02.2017",1075.83,160654100
"27.02.2017",1077.63,98644580
"28.02.2017",1078.64,113928100
"01.03.2017",1097.9,159688000
"02.03.2017",1097.53,118964500
"03.03.2017",1094.23,140021900
"06.03.2017",1088.97,130182400
"07.03.2017",1089.42,111091300
"08.03.2017",1089.4,133557600
"09.03.2017",1090.14,144882500
"10.03.2017",1089.75,147678300
"13.03.2017",1092.16,109575900
"14.03.2017",1092.01,145268000
"15.03.2017",1093.86,138197500
"16.03.2017",1100.64,164791700
"17.03.2017",1102.11,253593700
"20.03.2017",1098.37,142159800
"21.03.2017",1089.79,173858700
"22.03.2017",1083.78,150580700
"23.03.2017",1095.83,121405600
"24.03.2017",1098.72,128113500
"27.03.2017",1092.33,121062700
"28.03.2017",1105.8,131746600
"29.03.2017",1110.37,140406000
"30.03.2017",1115.27,123718600
"31.03.2017",1120.8,153438300
"03.04.2017",1116.73,124993600
"04.04.2017",1119.27,154262200
"05.04.2017",1114.6,123625000
"06.04.2017",1115.71,110061700
"07.04.2017",1116.46,106243000
"10.04.2017",1115.4,94307710
"11.04.2017",1110.09,121540700
"12.04.2017",1112.13,107606400
"13.04.2017",1108.55,105697900
"18.04.2017",1099.19,124986100
"19.04.2017",1100.91,118400500
"20.04.2017",1101.6,117029300
"21.04.2017",1102.75,143646300
"24.04.2017",1137.31,238146000
"25.04.2017",1138.79,140120400
"26.04.2017",1139.86,135452600
"27.04.2017",1137.81,149635300
"28.04.2017",1137.78,147460700
"02.05.2017",1145.03,132987600
"03.05.2017",1145.79,121232400
"04.05.2017",1156.91,150290900
"05.05.2017",1162.4,160483100
"08.05.2017",1160.69,147369700
"09.05.2017",1165.78,158693000
"10.05.2017",1166.36,157804300
"11.05.2017",1161.46,158776100
"12.05.2017",1167.38,186047500
"15.05.2017",1171.34,131398200
"16.05.2017",1171.71,128415700
"17.05.2017",1155.56,162499200
"18.05.2017",1151.29,179354800
"19.05.2017",1157.92,165390400
"22.05.2017",1156.72,113859700
"23.05.2017",1160.4,129429400
"24.05.2017",1160.29,110450500
"25.05.2017",1159.63,83613120
"26.05.2017",1158.38,105839400
"29.05.2017",1161.03,60530920
"30.05.2017",1159.05,110032600
"31.05.2017",1159.99,202193400
"01.06.2017",1166.24,128943500
"02.06.2017",1179.57,132871000
"06.06.2017",1168.1,142376000
"07.06.2017",1165.89,165868800
"08.06.2017",1168,146932100
"09.06.2017",1177.08,136073500
"12.06.2017",1164.8,140434100
"13.06.2017",1171.65,117964400
"14.06.2017",1174.93,148703100
"15.06.2017",1164.31,158511400
"16.06.2017",1170.94,286050900
"19.06.2017",1183.03,114148400
"20.06.2017",1176.66,116970100
"21.06.2017",1173.11,109960500
"22.06.2017",1174.33,111288100
"23.06.2017",1168.67,114034500
"26.06.2017",1171.95,101816700
"27.06.2017",1161.71,153648600
"28.06.2017",1158.67,153850900
"29.06.2017",1138.31,169875300
"30.06.2017",1132.19,151270300
"03.07.2017",1145.26,112450500
"04.07.2017",1142.03,97078460
"05.07.2017",1144.17,118793400
"06.07.2017",1137.32,154348400
"07.07.2017",1137.94,119224200
"10.07.2017",1143.88,106919400
"11.07.2017",1143.49,111209200
"12.07.2017",1160.29,155648700
"13.07.2017",1162.52,158179000
"14.07.2017",1162.95,114188000
"17.07.2017",1159.89,95269740
"18.07.2017",1146.27,134617800
"19.07.2017",1148.94,117797600
"20.07.2017",1147.7,156618100
"21.07.2017",1129.88,184891600
"24.07.2017",1126.46,134334300
"25.07.2017",1131.41,124466500
"26.07.2017",1136.49,128952600
"27.07.2017",1130.47,140222000
"28.07.2017",1124.73,129361700
"31.07.2017",1121.34,128653800
"01.08.2017",1133.09,129081900
"02.08.2017",1128.29,130337100
"03.08.2017",1125.89,120821400
"04.08.2017",1138.54,139296000
"07.08.2017",1136.03,106800100
"08.08.2017",1138.99,115050500
"09.08.2017",1126.76,164220400
"10.08.2017",1113.85,155852200
"11.08.2017",1112.27,145093700
"14.08.2017",1126.29,116674600
"15.08.2017",1127.12,100019600
"16.08.2017",1134.9,107805700
"17.08.2017",1130.42,113333400
"18.08.2017",1127.09,131336400
"21.08.2017",1118.84,102334200
"22.08.2017",1132.68,99296520
"23.08.2017",1128.73,102155500
"24.08.2017",1129.04,99129540
"25.08.2017",1128.15,92180830
"28.08.2017",1123.86,59904100
"29.08.2017",1108.2,147973300
"30.08.2017",1114.25,93475460
"31.08.2017",1119.7,131444900
"01.09.2017",1127.35,116099200
"04.09.2017",1123.39,73406980
"05.09.2017",1125.39,107578100
"06.09.2017",1132.32,124494900
"07.09.2017",1140.11,142192400
"08.09.2017",1141.15,100711300
"11.09.2017",1156.8,118599300
"12.09.2017",1161.25,133407700
"13.09.2017",1162.87,126083100
"14.09.2017",1162.67,123106200
"15.09.2017",1160.7,254522200
"18.09.2017",1165.04,97284340
"19.09.2017",1165.77,112807100
"20.09.2017",1166.23,143624300
"21.09.2017",1169.01,147694600
"22.09.2017",1169.16,117543500
"25.09.2017",1169.39,115706200
"26.09.2017",1170.12,116118400
"27.09.2017",1173.95,121345600
"28.09.2017",1179.05,128771700
"29.09.2017",1189.55,150838500
"02.10.2017",1196.67,116534700
"04.10.2017",1202.54,170212000
"05.10.2017",1201.83,122386800
"06.10.2017",1199.76,108183000
"09.10.2017",1200.79,102081100
"10.10.2017",1198.97,107461100
"11.10.2017",1202.07,111853000
"12.10.2017",1204.7,117381200
"13.10.2017",1205.38,106190400
"16.10.2017",1207,89541500
"17.10.2017",1205.47,104485400
"18.10.2017",1209.84,102112000
"19.10.2017",1202.71,127331400
"20.10.2017",1202.54,123866900
"23.10.2017",1203.54,97025280
"24.10.2017",1204.31,134583600
"25.10.2017",1198.89,134388900
"26.10.2017",1215.78,154650200
"27.10.2017",1224.01,149911100
"30.10.2017",1225.58,112058400
"01.11.2017",1245.08,178567500
"02.11.2017",1242.91,144122000
"03.11.2017",1246.85,132922700
"06.11.2017",1246.2,132272200
"07.11.2017",1238.82,145411700
"08.11.2017",1238.83,159760000
"09.11.2017",1220.39,202983900
"10.11.2017",1216.77,179670100
"13.11.2017",1210.89,161237200
"14.11.2017",1209.12,141121300
"15.11.2017",1201.89,194093100
"16.11.2017",1210.49,150335900
"17.11.2017",1206.75,143802400
"20.11.2017",1213.5,134347600
"21.11.2017",1223.97,148745500
"22.11.2017",1211.13,122921700
"23.11.2017",1211.24,110000900
"24.11.2017",1215.38,102230200
"27.11.2017",1210.08,102595700
"28.11.2017",1215.5,109867100
"29.11.2017",1215.38,145125600
"30.11.2017",1214.16,224301600
"01.12.2017",1199.59,164841800
"04.12.2017",1216.26,129123400
"05.12.2017",1215.68,128589900
"06.12.2017",1211.34,132515100
"07.12.2017",1215.15,118682800
"08.12.2017",1224.36,148318600
"11.12.2017",1221.58,110645000
"12.12.2017",1226.45,117367300
"13.12.2017",1222.28,169702300
"14.12.2017",1217.9,181482100
"15.12.2017",1220.48,251339700
"18.12.2017",1238.72,139182400
"19.12.2017",1231.85,119602200
"20.12.2017",1219.48,123464000
"21.12.2017",1222.8,107112000
"22.12.2017",1219.77,79864380
"27.12.2017",1220.82,71547460
"28.12.2017",1213.98,70296300
"29.12.2017",1209.51,63199290
"02.01.2018",1206.4,122158800
"03.01.2018",1217.42,129105800
"04.01.2018",1234.09,148038100
"05.01.2018",1247.95,155903500
"08.01.2018",1252.76,146753200
"09.01.2018",1255.23,140921000
"10.01.2018",1244.85,165939200
"11.01.2018",1238.55,158465600
"12.01.2018",1242.76,127176500
"15.01.2018",1238.83,98783700
"16.01.2018",1244.14,127943500
"17.01.2018",1239.28,134495300
"18.01.2018",1248.26,131612300
"19.01.2018",1261.24,162393200
"22.01.2018",1263.2,144269100
"23.01.2018",1270,144811900
"24.01.2018",1256.84,147735700
"25.01.2018",1245.74,156245600
"26.01.2018",1250.35,117269700
"29.01.2018",1248.37,121929300
"30.01.2018",1236.38,166025700
"31.01.2018",1236.54,165679300
"01.02.2018",1221.42,191216800
"02.02.2018",1201.12,194095600
"05.02.2018",1189.49,173093600
"06.02.2018",1162.75,289659800
"07.02.2018",1183.78,207696500
"08.02.2018",1152.86,209206800
"09.02.2018",1140.08,234124200
"12.02.2018",1156.01,161089200
"13.02.2018",1148.51,132372800
"14.02.2018",1162.74,176978400
"15.02.2018",1164.97,156745600
"16.02.2018",1176.04,140299900
"19.02.2018",1169.86,97091790
"20.02.2018",1179.13,125453600
"21.02.2018",1177.58,126810600
"22.02.2018",1176.88,145452800
"23.02.2018",1178.69,136762500
"26.02.2018",1182.89,114193600
"27.02.2018",1179.53,136295400
"28.02.2018",1175.06,142699900
"01.03.2018",1152.05,164062000
"02.03.2018",1126.19,173272800
"05.03.2018",1142.45,152416300
"06.03.2018",1146.46,149727300
"07.03.2018",1157.52,138366800
"08.03.2018",1168.51,158361800
"09.03.2018",1169.27,142499700
"12.03.2018",1175.79,195939300
"13.03.2018",1159.03,180290600
"14.03.2018",1158.61,148697900
"15.03.2018",1168.05,153133700
"16.03.2018",1169.08,293489700
"19.03.2018",1155.89,145773400
"20.03.2018",1165,115582600
"21.03.2018",1164.9,147706600
"22.03.2018",1144.55,192514400
"23.03.2018",1127.35,207200200
"26.03.2018",1118.58,146709700
"27.03.2018",1135.07,147211400
"28.03.2018",1130.18,163010300
"29.03.2018",1144.5,173912800
"03.04.2018",1135.44,143445300
"04.04.2018",1129.37,157221200
"05.04.2018",1160.86,157126300
"06.04.2018",1155.46,128235100
"09.04.2018",1157.77,112842100
"10.04.2018",1169.77,140414200
"11.04.2018",1161.5,138276600
"12.04.2018",1171.88,121831300
"13.04.2018",1174.42,115979200
"16.04.2018",1169.57,94347590
"17.04.2018",1186.9,124524600
"18.04.2018",1188.6,125196800
"19.04.2018",1186.26,107552000
"20.04.2018",1183.52,151803400
"23.04.2018",1186.19,122085500
"24.04.2018",1183.71,149426200
"25.04.2018",1169.61,161671500
"26.04.2018",1178.49,167138500
"27.04.2018",1184.75,150930100
"30.04.2018",1187.85,137881000
"02.05.2018",1205.72,161655800
"03.05.2018",1196.83,139652000
"04.05.2018",1206.89,150577400
"07.05.2018",1219.54,98229360
"08.05.2018",1217.23,140468100
"09.05.2018",1219.29,150133500
"10.05.2018",1226.11,101541000
"11.05.2018",1224.16,139061500
"14.05.2018",1222.44,116847800
"15.05.2018",1221.56,152799400
"16.05.2018",1223.97,149264300
"17.05.2018",1234.5,137280800
"18.05.2018",1232.26,166339200
"22.05.2018",1239.74,158475100
"23.05.2018",1222.91,146954600
"24.05.2018",1212.85,185907600
"25.05.2018",1220.56,141680600
"28.05.2018",1215.15,97974650
"29.05.2018",1196.42,199522800
"30.05.2018",1205.71,161629500
"31.05.2018",1192.3,251042800
"01.06.2018",1202.31,162996400
"04.06.2018",1207.12,117241100
"05.06.2018",1209.52,146718800
"06.06.2018",1213.38,142619700
"07.06.2018",1210.85,130470500
"08.06.2018",1206.85,150306100
"11.06.2018",1213.59,152466300
"12.06.2018",1214.99,144246000
"13.06.2018",1220,146049600
"14.06.2018",1238.04,181902500
"15.06.2018",1227.41,348822200
"18.06.2018",1212.7,131565400
"19.06.2018",1197.75,154000900
"20.06.2018",1200.61,131815400
"21.06.2018",1184.37,154707900
"22.06.2018",1189.83,125246600
"25.06.2018",1161.64,141914700
"26.06.2018",1159.43,139835200
"27.06.2018",1167.99,179744600
"28.06.2018",1149.96,158890700
"29.06.2018",1162.24,167418200
"02.07.2018",1155.46,134946100
"03.07.2018",1166.02,135832400
"04.07.2018",1161.96,111711600
"05.07.2018",1175.47,155758300
"06.07.2018",1178.97,158408600
"09.07.2018",1183.84,110442800
"10.07.2018",1190.65,124907400
"11.07.2018",1174.21,121734500
"12.07.2018",1181.56,113006000
"13.07.2018",1185.53,112678542
"16.07.2018",1187.81,126138081
"17.07.2018",1196.75,128692969
"18.07.2018",1206.89,125397056
"19.07.2018",1199.58,112235219
"20.07.2018",1189.8,144193977
"23.07.2018",1189.05,95114349
"24.07.2018",1201.54,128035693
"25.07.2018",1193.19,125346219
"26.07.2018",1211.73,155258354
"27.07.2018",1216.39,132476865
"30.07.2018",1210.58,103186337
"31.07.2018",1210.78,146516806
"01.08.2018",1205.3,133464169
"02.08.2018",1190.1,151692105
"03.08.2018",1197.03,114369291
"06.08.2018",1196.28,98375411
"07.08.2018",1198.68,128516011
"08.08.2018",1198.26,130039756
"09.08.2018",1203.21,110138746
"10.08.2018",1181.96,165289143
"13.08.2018",1177.76,126788176
"14.08.2018",1176.53,128353704
"15.08.2018",1157.3,148100369
"16.08.2018",1166.15,116471680
"17.08.2018",1163.93,121429840
"20.08.2018",1174.94,89274787
"21.08.2018",1179.71,100717556
"22.08.2018",1180.32,113082786
"23.08.2018",1180.31,95335346
"24.08.2018",1183.45,88402013
"27.08.2018",1197.29,85983475
"28.08.2018",1197.3,110171360
"29.08.2018",1200.06,95858128
"30.08.2018",1194.46,110607636
"31.08.2018",1183.07,129626900
"03.09.2018",1181.18,80629814
"04.09.2018",1168.39,123112600
"05.09.2018",1151.71,153556012
"06.09.2018",1144.21,131294488
"07.09.2018",1145.31,139283393
"10.09.2018",1148.33,115083726
"11.09.2018",1146.58,130240217
"12.09.2018",1151.58,148831234
"13.09.2018",1151.39,133801448
"14.09.2018",1158.45,111852427
"17.09.2018",1155.85,101197859
"18.09.2018",1160.78,129643778
"19.09.2018",1163.94,143871307
"20.09.2018",1170.73,163469903
"21.09.2018",1178.34,515704704
"24.09.2018",1170.19,117682047
"25.09.2018",1171.86,131814541
"26.09.2018",1172.25,115011652
"27.09.2018",1175.4,135938198
"28.09.2018",1159.95,173269465
"01.10.2018",1168.78,119556424
"02.10.2018",1163.32,129121492
"04.10.2018",1157.19,161273337
"05.10.2018",1143.59,141741022
"08.10.2018",1126.52,130048880
"09.10.2018",1128.07,140348007
"10.10.2018",1101.72,184312871
"11.10.2018",1085.41,230488483
"12.10.2018",1084.93,163589516
"15.10.2018",1090.96,116858243
"16.10.2018",1109.76,140347402
"17.10.2018",1105.15,145532920
"18.10.2018",1095.2,152457814
"19.10.2018",1089.96,190126776
"22.10.2018",1086.91,117054873
"23.10.2018",1062.16,176192086
"24.10.2018",1053.78,176733612
"25.10.2018",1066.03,179856707
"26.10.2018",1056.51,196362156
"29.10.2018",1069.61,148582615
"30.10.2018",1066.58,153164038
"31.10.2018",1083.66,173106376
"01.11.2018",1088.39,145550632
"02.11.2018",1096.11,166443236
"05.11.2018",1090.94,108829306
"06.11.2018",1088.94,137105275
"07.11.2018",1097.89,133048609
"08.11.2018",1092.87,154654465
"09.11.2018",1091.39,183652265
"12.11.2018",1071.91,143437933
"13.11.2018",1085.73,153564831
"14.11.2018",1081.57,162194274
"15.11.2018",1074.66,150743433
"16.11.2018",1072.75,167145926
"19.11.2018",1061.74,121265743
"20.11.2018",1044.15,182336153
"21.11.2018",1060.2,141980524
"22.11.2018",1051.36,100829029
"23.11.2018",1055.95,99249594
"26.11.2018",1070.98,135952027
"27.11.2018",1067.46,123519159
"28.11.2018",1067.17,119949995
"29.11.2018",1068.55,137005374
"30.11.2018",1062.63,201756679
"03.12.2018",1081.73,151447859
"04.12.2018",1066.91,132425834
"05.12.2018",1055.18,117306169
"06.12.2018",1020.31,198582577
"07.12.2018",1019.28,149522217
"10.12.2018",1001.57,175875511
"11.12.2018",1014.11,156387245
"12.12.2018",1029.93,165596349
"13.12.2018",1028.98,141613640
"14.12.2018",1022.06,137715970
"17.12.2018",1010.38,142054323
"18.12.2018",1007.88,157893586
"19.12.2018",1010.8,157597366
"20.12.2018",995.12,185285022
"21.12.2018",997.14,304239137
"24.12.2018",997.14,NA
"27.12.2018",975.67,159660210
"28.12.2018",990.45,86716960
"02.01.2019",993.69,125727407
"03.01.2019",979.92,130148964
"04.01.2019",1013.15,147218806
"07.01.2019",1013.59,114623927
"08.01.2019",1021.26,146503531
"09.01.2019",1030.9,150883158
"10.01.2019",1031.27,122068531
"11.01.2019",1027.79,124017227
"14.01.2019",1024.24,101295653
"15.01.2019",1027.84,124511110
"16.01.2019",1032,125524416
"17.01.2019",1030.86,126089721
"18.01.2019",1056.44,173152524
"21.01.2019",1052.59,100719721
"22.01.2019",1047.35,112319664
"23.01.2019",1048.51,138127635
"24.01.2019",1054.86,167624780
"25.01.2019",1069.23,158761153
"28.01.2019",1062.5,119378161
"29.01.2019",1062.28,117177372
"30.01.2019",1059.2,113431138
"31.01.2019",1057.3,176663641
"01.02.2019",1057.31,148024555
"04.02.2019",1057.35,110683962
"05.02.2019",1075.07,132109196
"06.02.2019",1072.91,118772241
"07.02.2019",1044.28,167664646
"08.02.2019",1031.03,164222134
"11.02.2019",1040.84,116044491
"12.02.2019",1050.5,117427478
"13.02.2019",1054.05,114558675
"14.02.2019",1048.02,137215155
"15.02.2019",1066.54,164260920
"18.02.2019",1067.78,91967663
"19.02.2019",1068.67,109572368
"20.02.2019",1076.88,115694339
"21.02.2019",1076.24,123748345
"22.02.2019",1077.99,107150126
"25.02.2019",1082.25,108091926
"26.02.2019",1085,117544610
"27.02.2019",1079.65,131546201
"28.02.2019",1083.17,146389167
"01.03.2019",1094.15,126048840
"04.03.2019",1095.79,98316666
"05.03.2019",1097.06,108866206
"06.03.2019",1093.65,109205886
"07.03.2019",1084.72,158158437
"08.03.2019",1077.85,128938810
"11.03.2019",1085.86,118943869
"12.03.2019",1084.35,137918314
"13.03.2019",1088.7,121784899
"14.03.2019",1091.82,137240964
"15.03.2019",1100.49,281899432
"18.03.2019",1099.31,151262378
"19.03.2019",1111.51,136626607
"20.03.2019",1093.64,146062694
"21.03.2019",1089.57,138564064
"22.03.2019",1073.26,166047936
"25.03.2019",1070.21,116428203
"26.03.2019",1077.74,124561891
"27.03.2019",1077.18,158232736
"28.03.2019",1075.28,144747594
"29.03.2019",1083.74,144578582
"01.04.2019",1098.67,152288802
"02.04.2019",1105.66,124619496
"03.04.2019",1123.06,153639949
"04.04.2019",1124.92,129931891
"05.04.2019",1126.28,118216853
"08.04.2019",1122.18,107192827
"09.04.2019",1111.48,107135807
"10.04.2019",1116.13,116084890
"11.04.2019",1120.51,122677517
"12.04.2019",1128.28,141311720
"15.04.2019",1132.18,106899988
"16.04.2019",1140.92,128799794
"17.04.2019",1145.44,149072811
"18.04.2019",1150.7,152620121
"23.04.2019",1152.97,116752613
"24.04.2019",1159.81,151270368
"25.04.2019",1156.28,144991289
"26.04.2019",1159.12,132934654
"29.04.2019",1161.83,108140228
"30.04.2019",1162.42,128687641
"02.05.2019",1162.03,143594626
"03.05.2019",1167.74,116786870
"06.05.2019",1154.35,123531538
"07.05.2019",1139.05,159460931
"08.05.2019",1146.6,147686520
"09.05.2019",1128.24,164456478
"10.05.2019",1133.98,204882694
"13.05.2019",1115,162959119
"14.05.2019",1125.38,164360466
"15.05.2019",1135.09,184886848
"16.05.2019",1152.5,158373841
"17.05.2019",1144.79,145157531
"20.05.2019",1126.85,148258483
"21.05.2019",1135.91,134138749
"22.05.2019",1136.8,131969522
"23.05.2019",1116.91,163883902
"24.05.2019",1121.24,122234444
"27.05.2019",1125.99,69612951
"28.05.2019",1124.41,237229930
"29.05.2019",1105.91,136988794
"30.05.2019",1111.85,74800506
"31.05.2019",1097.08,146190997
"03.06.2019",1101.2,145501625
"04.06.2019",1115.84,153614335
"05.06.2019",1116.33,123821258
"06.06.2019",1110.19,133505535
"07.06.2019",1117.7,122961045
"11.06.2019",1129.18,142133096
"12.06.2019",1125.29,113266051
"13.06.2019",1129.1,116636534
"14.06.2019",1120.4,112219388
"17.06.2019",1119.02,122569221
"18.06.2019",1141.09,207312132
"19.06.2019",1141.09,148985622
"20.06.2019",1145.71,142811702
"21.06.2019",1143.37,295160406
"24.06.2019",1138.1,130404321
"25.06.2019",1133.84,115245146
"26.06.2019",1134.6,126536803
"27.06.2019",1138.69,125495777
"28.06.2019",1151.35,140928583
"01.07.2019",1161.59,138594141
"02.07.2019",1161.8,105683723
"03.07.2019",1171.42,111145818
"04.07.2019",1173.78,90802386
"05.07.2019",1166.82,120277254
"08.07.2019",1163.96,130926748
"09.07.2019",1154.61,154566912
"10.07.2019",1148.93,125662804
"11.07.2019",1144.88,129504435
"12.07.2019",1143.75,123266740
"15.07.2019",1149.74,107060758
"16.07.2019",1153.19,114887291
"17.07.2019",1144.97,118354070
"18.07.2019",1132.31,123580240
"19.07.2019",1135.27,125508626
"22.07.2019",1137.97,101924862
"23.07.2019",1155.09,146754270
"24.07.2019",1161.09,146616297
"25.07.2019",1149.35,180800887
"26.07.2019",1154.5,107591060
"29.07.2019",1154.68,105381917
"30.07.2019",1130.27,166460291
"31.07.2019",1136.26,143352058
"01.08.2019",1143.72,140503358
"02.08.2019",1112.1,202417449
"05.08.2019",1086.78,171275126
"06.08.2019",1081.55,135314573
"07.08.2019",1089.03,174610228
"08.08.2019",1106.36,158253777
"09.08.2019",1092.62,159581842
"12.08.2019",1088.91,123595316
"13.08.2019",1093.23,179857943
"14.08.2019",1070.55,166202515
"15.08.2019",1060.69,187584622
"16.08.2019",1076.61,177294172
"19.08.2019",1091.46,124618300
"20.08.2019",1084.24,109908585
"21.08.2019",1100.57,101804047
"22.08.2019",1095.93,117797489
"23.08.2019",1085.46,133216163
"26.08.2019",1088.09,88626801
"27.08.2019",1095.54,126336269
"28.08.2019",1092.22,101106823
"29.08.2019",1104.17,114513030
"30.08.2019",1114.63,121344049
"02.09.2019",1115.12,77601254
"03.09.2019",1111.11,103305446
"04.09.2019",1122.57,101868645
"05.09.2019",1132.96,139940182
"06.09.2019",1138.48,128439192
"09.09.2019",1143.35,115910268
"10.09.2019",1147.4,164428545
"11.09.2019",1154.06,142916675
"12.09.2019",1157.02,172032341
"13.09.2019",1161.74,142390730
"16.09.2019",1154.23,124622744
"17.09.2019",1152.05,127633199
"18.09.2019",1152.74,113125496
"19.09.2019",1158.55,131761196
"20.09.2019",1157.93,289599104
"23.09.2019",1145.55,146591430
"24.09.2019",1142.98,109900598
"25.09.2019",1135.79,125801651
"26.09.2019",1140.57,127947466
"27.09.2019",1149.24,126687092
"30.09.2019",1152.86,117311319
"01.10.2019",1140.16,139175522
"02.10.2019",1112.21,150172845
"04.10.2019",1121.28,145728959
"07.10.2019",1126.86,106260187
"08.10.2019",1116.18,134029206
"09.10.2019",1126.69,108717626
"10.10.2019",1129.85,153834157
"11.10.2019",1160.39,164193027
"14.10.2019",1159.61,100307910
"15.10.2019",1172.79,147750646
"16.10.2019",1176.71,158579636
"17.10.2019",1177.61,155687359
"18.10.2019",1175.27,135017133
"21.10.2019",1187.76,133982974
"22.10.2019",1189.76,121418767
"23.10.2019",1191.2,123163629
"24.10.2019",1197.54,140485711
"25.10.2019",1197.66,112560956
"28.10.2019",1202.64,122437234
"29.10.2019",1199.59,125598343
"30.10.2019",1198.99,151804195
"31.10.2019",1194.09,154926903
"01.11.2019",1204.28,106719897
"04.11.2019",1221.11,153577325
"05.11.2019",1221.89,143543851
"06.11.2019",1224.82,142766243
"07.11.2019",1234.93,192999229
"08.11.2019",1227.84,162584332
"11.11.2019",1226.06,125147510
"12.11.2019",1230.91,139748080
"13.11.2019",1225.32,141796631
"14.11.2019",1220.18,137399483
"15.11.2019",1226.48,130237812
"18.11.2019",1222.92,119999949
"19.11.2019",1224.92,116784147
"20.11.2019",1219.72,122500031
"21.11.2019",1216.65,132969919
"22.11.2019",1220.32,128113814
"25.11.2019",1228.7,101542324
"26.11.2019",1230.01,160870244
"27.11.2019",1234.29,113272454
"28.11.2019",1231.01,67550262
"29.11.2019",1229.42,112568972
"02.12.2019",1207.33,161357192
"03.12.2019",1208.48,139126025
"04.12.2019",1222.08,116122429
"05.12.2019",1216.28,97249096
"06.12.2019",1225.69,101362657
"09.12.2019",1221.69,89609190
"10.12.2019",1218.28,133240377
"11.12.2019",1225.05,121567766
"12.12.2019",1231.78,145040736
"13.12.2019",1239.26,172413816
"16.12.2019",1252.3,119839392
"17.12.2019",1242.44,131033335
"18.12.2019",1236.33,120814764
"19.12.2019",1236.16,133598916
"20.12.2019",1243.32,247821292
"23.12.2019",1243.03,91860152
"27.12.2019",1247.57,76613473
"30.12.2019",1238.89,54707145
"02.01.2020",1253.33,126857580
"03.01.2020",1240.39,121941705
"06.01.2020",1231.35,117062151
"07.01.2020",1240.18,121902346
"08.01.2020",1247.55,134714627
"09.01.2020",1262.09,140160828
"10.01.2020",1260.32,118591828
"13.01.2020",1256.49,110886402
"14.01.2020",1256.8,123243614
"15.01.2020",1254.88,127234697
"16.01.2020",1255.25,121552759
"17.01.2020",1263.45,139514213
"20.01.2020",1267.02,93604341
"21.01.2020",1267.2,110939255
"22.01.2020",1264.08,125935973
"23.01.2020",1252.21,146338145
"24.01.2020",1267.87,137367610
"27.01.2020",1235.77,154474905
"28.01.2020",1244.57,148048467
"29.01.2020",1246.55,120260969
"30.01.2020",1229.96,148060121
"31.01.2020",1216.25,165307747
"03.02.2020",1221.41,131713805
"04.02.2020",1240.83,129639172
"05.02.2020",1258.56,173990454
"06.02.2020",1265.9,173647233
"07.02.2020",1258.8,140400015
"10.02.2020",1257.95,107052515
"11.02.2020",1272.14,157556078
"12.02.2020",1283.52,142885161
"13.02.2020",1279.95,168898766
"14.02.2020",1280.41,135539114
"17.02.2020",1282.72,114291999
"18.02.2020",1272.84,141301591
"19.02.2020",1285.19,145362076
"20.02.2020",1275.14,146599426
"21.02.2020",1265.8,169849516
"24.02.2020",1215.27,251620628
"25.02.2020",1193.03,207118853
"26.02.2020",1190.29,260952277
"27.02.2020",1152.09,277087818
"28.02.2020",1113.36,406073080
"02.03.2020",1110.69,307202764
"03.03.2020",1122.95,292171230
"04.03.2020",1134.63,232708880
"05.03.2020",1116.15,248973949
"06.03.2020",1081.84,300655175
"09.03.2020",999.57,438744150
"10.03.2020",989.64,396955566
"11.03.2020",981.33,323494902
"12.03.2020",860.55,548481387
"13.03.2020",865.17,468423493
"16.03.2020",820.05,446219373
"17.03.2020",830.11,330128860
"18.03.2020",784.77,328115938
"19.03.2020",801.97,319699020
"20.03.2020",834.1,440753945
"23.03.2020",818.74,284230836
"24.03.2020",902.35,302015434
"25.03.2020",920.11,309459156
"26.03.2020",934.46,241950545
"27.03.2020",900.28,222401979
"30.03.2020",914.19,201509107
"31.03.2020",927.23,244565097
"01.04.2020",895.61,202759093
"02.04.2020",898.84,208599149
"03.04.2020",893.66,170413335
"06.04.2020",940.61,190775459
"07.04.2020",962.8,231483464
"08.04.2020",963.75,169009206
"09.04.2020",986.36,209502827
"14.04.2020",999.62,164660769
"15.04.2020",962.79,211113240
"16.04.2020",967.26,180682369
"17.04.2020",994.55,220041338
"20.04.2020",999.71,154278978
"21.04.2020",963.88,180126517
"22.04.2020",978.81,140904480
"23.04.2020",987.99,155291465
"24.04.2020",973.28,171013248
"27.04.2020",1000.88,181169777
"28.04.2020",1012.77,219572197
"29.04.2020",1041.13,217226384
"30.04.2020",1020.92,240664158
"04.05.2020",985.86,210789448
"05.05.2020",1011.58,167019218
"06.05.2020",1003.1,155136665
"07.05.2020",1019.81,165499342
"08.05.2020",1032.26,140196195
"11.05.2020",1025.65,151728102
"12.05.2020",1026.24,164440162
"13.05.2020",1004.04,186386110
"14.05.2020",983.37,224535647
"15.05.2020",994.45,185910250
"18.05.2020",1042.96,190444564
"19.05.2020",1047.45,205677431
"20.05.2020",1060.48,161429768
"21.05.2020",1048.69,115845848
"22.05.2020",1051.33,139668039
"25.05.2020",1079.52,113412597
"26.05.2020",1091.59,193670646
"27.05.2020",1101.55,262436836
"28.05.2020",1113.35,196304405
"29.05.2020",1097.58,298752267
"02.06.2020",1134.08,218157217
"03.06.2020",1173.43,225854099
"04.06.2020",1169.84,213461282
"05.06.2020",1199.29,263939226
"08.06.2020",1197.51,223698011
"09.06.2020",1179.72,233609202
"10.06.2020",1172.42,179054259
"11.06.2020",1124.77,204058471
"12.06.2020",1123.28,185258187
"15.06.2020",1119.94,156936672
"16.06.2020",1155.09,187205481
"17.06.2020",1161.72,153674126
"18.06.2020",1153.94,221151316
"19.06.2020",1158.77,354168606
"22.06.2020",1151.55,147752402
"23.06.2020",1173.06,173795911
"24.06.2020",1135.95,161620837
"25.06.2020",1145.27,201845436
"26.06.2020",1137.44,167287944
"29.06.2020",1146.6,173315233
"30.06.2020",1155,178823750
"01.07.2020",1153.17,130161396
"02.07.2020",1182.02,166914878
"03.07.2020",1176.43,93487973
"06.07.2020",1196.04,133374717
"07.07.2020",1184.64,141131953
"08.07.2020",1175.18,126276211
"09.07.2020",1175.64,136344193
"10.07.2020",1186.14,122430879
"13.07.2020",1199.88,123267670
"14.07.2020",1188.45,131152195
"15.07.2020",1206.22,138935729
"16.07.2020",1202.21,117347305
"17.07.2020",1204.96,121862251
"20.07.2020",1217.37,103022266
"21.07.2020",1227.71,150320176
"22.07.2020",1226.17,113181467
"23.07.2020",1224.68,107916158
"24.07.2020",1197.85,110972316
"27.07.2020",1198.79,107623095
"28.07.2020",1197.88,96777246
"29.07.2020",1198.77,113722674
"30.07.2020",1158.01,162294030
"31.07.2020",1151.65,137521810
"03.08.2020",1181.9,125584061
"04.08.2020",1177.25,121838725
"05.08.2020",1183.86,126899652
"06.08.2020",1179.37,119399086
"07.08.2020",1189.16,97055675
"10.08.2020",1189.73,92179485
"11.08.2020",1212.01,139424308
"12.08.2020",1222.66,122898090
"13.08.2020",1217.85,125470956
"14.08.2020",1206.54,107148118
"17.08.2020",1210.74,86068194
"18.08.2020",1207.57,96969275
"19.08.2020",1215.98,86863245
"20.08.2020",1203.01,95520618
"21.08.2020",1198.18,116673479
"24.08.2020",1222.65,102260821
"25.08.2020",1222.74,95795801
"26.08.2020",1236.12,89480972
"27.08.2020",1226.31,91809130
"28.08.2020",1220.73,116660189
"31.08.2020",1213.99,109460225
"01.09.2020",1216.93,116352245
"02.09.2020",1237.46,145464825
"03.09.2020",1217.93,151527914
"04.09.2020",1199.93,169570595
"07.09.2020",1223.73,96834774
"08.09.2020",1212.9,131192626
"09.09.2020",1236.69,118773564
"10.09.2020",1233.6,98531144
"11.09.2020",1231.61,101228102
"14.09.2020",1232.01,89757329
"15.09.2020",1233.41,108020037
"16.09.2020",1238.94,111763339
"17.09.2020",1234.92,102824543
"18.09.2020",1227.87,285528840
"21.09.2020",1176.93,195506061
"22.09.2020",1182.37,124232399
"23.09.2020",1187.84,113187950
"24.09.2020",1183.32,117065011
"25.09.2020",1173.44,119232210
"28.09.2020",1207.67,160480257
"29.09.2020",1205.87,99939908
"30.09.2020",1202.43,127006145
"01.10.2020",1202.92,141206543
"02.10.2020",1199.28,120562668
"05.10.2020",1214.03,114869199
"06.10.2020",1217.85,123543356
"07.10.2020",1218.45,114752164
"08.10.2020",1229.38,119911241
"09.10.2020",1231.64,108315271
"12.10.2020",1239.94,94423451
"13.10.2020",1230.33,108801866
"14.10.2020",1232.55,100963417
"15.10.2020",1204.12,142107084
"16.10.2020",1221.13,145339227
"19.10.2020",1216.99,104576491
"20.10.2020",1206.33,122546845
"21.10.2020",1188,114661742
"22.10.2020",1186.88,113928109
"23.10.2020",1192.37,108505735
"26.10.2020",1146.06,133093064
"27.10.2020",1135.51,144421614
"28.10.2020",1091.17,220466660
"29.10.2020",1093.3,172168538
"30.10.2020",1088.72,146409741
"02.11.2020",1107.04,128009301
"03.11.2020",1132.78,140786476
"04.11.2020",1156.16,165714151
"05.11.2020",1173.05,161463733
"06.11.2020",1165.76,133503641
"09.11.2020",1209.65,329530685
"10.11.2020",1215.28,256351854
"11.11.2020",1224.46,173921295
"12.11.2020",1214.91,148923400
"13.11.2020",1219.69,139697654
"16.11.2020",1225.98,167120220
"17.11.2020",1225.73,127798807
"18.11.2020",1233.84,127153906
"19.11.2020",1225.13,131455586
"20.11.2020",1231.57,121013910
"23.11.2020",1230.72,137428301
"24.11.2020",1242.09,159149493
"25.11.2020",1243.2,150399750
"26.11.2020",1243.41,90550144
"27.11.2020",1249.76,114700943
"30.11.2020",1247.98,253128371
"01.12.2020",1255.49,127140360
"02.12.2020",1249.63,122735813
"03.12.2020",1245.91,119736118
"04.12.2020",1252.98,115435704
"07.12.2020",1248.22,101661350
"08.12.2020",1251.66,101267407
"09.12.2020",1256.19,131411723
"10.12.2020",1252.69,127022966
"11.12.2020",1237.66,146137631
"14.12.2020",1247.58,118363362
"15.12.2020",1260.82,132351646
"16.12.2020",1279.86,136934152
"17.12.2020",1289.96,140353059
"18.12.2020",1289.21,252999748
"21.12.2020",1255.66,180750408
"22.12.2020",1271.22,103049755
"23.12.2020",1284.32,92200614
"28.12.2020",1301.53,97200053
"29.12.2020",1301.75,95601484
"30.12.2020",1297.81,57243256
"04.01.2021",1300.91,145532609
"05.01.2021",1297.06,195578153
"06.01.2021",1313.61,183609308
"07.01.2021",1320.06,172855269
"08.01.2021",1328.24,143715694
"11.01.2021",1316.23,124100299
"12.01.2021",1317.85,134917486
"13.01.2021",1319.31,128007429
"14.01.2021",1325.48,130888831
"15.01.2021",1305.97,159110618
"18.01.2021",1312.5,92799826
"19.01.2021",1311.89,128390989
"20.01.2021",1323.81,121874790
"21.01.2021",1327.83,120754432
"22.01.2021",1325.34,132406219
"25.01.2021",1308.04,145205729
"26.01.2021",1324.15,136827542
"27.01.2021",1304.8,195553766
"28.01.2021",1308.3,183973420
"29.01.2021",1288.73,174130721
"01.02.2021",1305.76,119306525
"02.02.2021",1324.88,134086079
"03.02.2021",1334.72,133981516
"04.02.2021",1344.98,135850617
"05.02.2021",1343.34,124525219
"08.02.2021",1344.03,118090945
"09.02.2021",1339.19,110544562
"10.02.2021",1333.6,138716542
"11.02.2021",1346.59,121498026
"12.02.2021",1346.92,109958919
"15.02.2021",1354.71,104764720
"16.02.2021",1353.58,109161330
"17.02.2021",1337.31,142979902
"18.02.2021",1331.71,137397499
"19.02.2021",1342.62,128841163
"22.02.2021",1333.87,117524821
"23.02.2021",1319.55,165033502
"24.02.2021",1328.24,137955644
"25.02.2021",1324.9,179712030
"26.02.2021",1314.52,183909077
